timestamp,recorded_wl_ft,sigma_recorded,quality_recorded,flags_recorded,predicted_wl_ft,sigma_predicted,quality_predicted,flags_predicted,surge_residual_ft
2021-08-29 00:00,2.441,0.046,v,"0,0,0,0",1.643,,,,0.7979999999999998
2021-08-29 00:06,2.549,0.043,v,"0,0,0,0",1.732,,,,0.817
2021-08-29 00:12,2.667,0.039,v,"0,0,0,0",1.827,,,,0.8399999999999999
2021-08-29 00:18,2.743,0.03,v,"0,0,0,0",1.926,,,,0.817
2021-08-29 00:24,2.831,0.036,v,"0,0,0,0",2.029,,,,0.802
2021-08-29 00:30,2.94,0.049,v,"0,0,0,0",2.136,,,,0.8039999999999998
2021-08-29 00:36,3.054,0.052,v,"0,0,0,0",2.246,,,,0.8079999999999998
2021-08-29 00:42,3.205,0.059,v,"0,0,0,0",2.359,,,,0.8460000000000001
2021-08-29 00:48,3.35,0.052,v,"0,0,0,0",2.474,,,,0.8759999999999999
2021-08-29 00:54,3.497,0.043,v,"0,0,0,0",2.592,,,,0.9049999999999998
2021-08-29 01:00,3.606,0.036,v,"0,0,0,0",2.711,,,,0.895
2021-08-29 01:06,3.691,0.036,v,"0,0,0,0",2.832,,,,0.859
2021-08-29 01:12,3.809,0.052,v,"0,0,0,0",2.954,,,,0.855
2021-08-29 01:18,3.957,0.043,v,"0,0,0,0",3.077,,,,0.8799999999999999
2021-08-29 01:24,4.088,0.046,v,"0,0,0,0",3.2,,,,0.8879999999999999
2021-08-29 01:30,4.206,0.039,v,"0,0,0,0",3.324,,,,0.8820000000000006
2021-08-29 01:36,4.327,0.039,v,"0,0,0,0",3.448,,,,0.879
2021-08-29 01:42,4.439,0.039,v,"0,0,0,0",3.572,,,,0.867
2021-08-29 01:48,4.567,0.043,v,"0,0,0,0",3.696,,,,0.871
2021-08-29 01:54,4.715,0.043,v,"0,0,0,0",3.82,,,,0.895
2021-08-29 02:00,4.846,0.046,v,"0,0,0,0",3.943,,,,0.903
2021-08-29 02:06,4.97,0.043,v,"0,0,0,0",4.066,,,,0.9039999999999999
2021-08-29 02:12,5.082,0.033,v,"0,0,0,0",4.187,,,,0.8949999999999996
2021-08-29 02:18,5.19,0.046,v,"0,0,0,0",4.308,,,,0.8820000000000006
2021-08-29 02:24,5.331,0.043,v,"0,0,0,0",4.428,,,,0.9030000000000005
2021-08-29 02:30,5.479,0.039,v,"0,0,0,0",4.546,,,,0.9329999999999998
2021-08-29 02:36,5.594,0.036,v,"0,0,0,0",4.662,,,,0.9320000000000004
2021-08-29 02:42,5.686,0.033,v,"0,0,0,0",4.777,,,,0.9089999999999998
2021-08-29 02:48,5.787,0.039,v,"0,0,0,0",4.889,,,,0.8979999999999997
2021-08-29 02:54,5.906,0.036,v,"0,0,0,0",4.999,,,,0.907
2021-08-29 03:00,6.017,0.036,v,"0,0,0,0",5.106,,,,0.9110000000000005
2021-08-29 03:06,6.132,0.039,v,"0,0,0,0",5.21,,,,0.9219999999999997
2021-08-29 03:12,6.224,0.033,v,"0,0,0,0",5.311,,,,0.9130000000000003
2021-08-29 03:18,6.306,0.023,v,"0,0,0,0",5.408,,,,0.8979999999999997
2021-08-29 03:24,6.381,0.03,v,"0,0,0,0",5.501,,,,0.8799999999999999
2021-08-29 03:30,6.457,0.026,v,"0,0,0,0",5.59,,,,0.867
2021-08-29 03:36,6.539,0.026,v,"0,0,0,0",5.673,,,,0.8659999999999997
2021-08-29 03:42,6.598,0.033,v,"0,0,0,0",5.752,,,,0.8460000000000001
2021-08-29 03:48,6.673,0.023,v,"0,0,0,0",5.825,,,,0.8479999999999999
2021-08-29 03:54,6.759,0.026,v,"0,0,0,0",5.892,,,,0.867
2021-08-29 04:00,6.814,0.023,v,"0,0,0,0",5.953,,,,0.8609999999999998
2021-08-29 04:06,6.864,0.02,v,"0,0,0,0",6.007,,,,0.8570000000000002
2021-08-29 04:12,6.896,0.01,v,"0,0,0,0",6.055,,,,0.8410000000000002
2021-08-29 04:18,6.913,0.01,v,"0,0,0,0",6.096,,,,0.8170000000000002
2021-08-29 04:24,6.916,0.013,v,"0,0,0,0",6.13,,,,0.7860000000000005
2021-08-29 04:30,6.942,0.01,v,"0,0,0,0",6.156,,,,0.7860000000000005
2021-08-29 04:36,6.959,0.013,v,"0,0,0,0",6.175,,,,0.7839999999999998
2021-08-29 04:42,6.968,0.01,v,"0,0,0,0",6.186,,,,0.782
2021-08-29 04:48,6.949,0.013,v,"0,0,0,0",6.19,,,,0.7589999999999995
2021-08-29 04:54,6.919,0.01,v,"0,0,0,0",6.186,,,,0.7329999999999997
2021-08-29 05:00,6.893,0.013,v,"0,0,0,0",6.175,,,,0.718
2021-08-29 05:06,6.873,0.013,v,"0,0,0,0",6.155,,,,0.718
2021-08-29 05:12,6.854,0.013,v,"0,0,0,0",6.129,,,,0.7250000000000005
2021-08-29 05:18,6.831,0.013,v,"0,0,0,0",6.095,,,,0.7360000000000007
2021-08-29 05:24,6.772,0.033,v,"0,0,0,0",6.054,,,,0.718
2021-08-29 05:30,6.66,0.043,v,"0,0,0,0",6.006,,,,0.6539999999999999
2021-08-29 05:36,6.552,0.03,v,"0,0,0,0",5.951,,,,0.601
2021-08-29 05:42,6.496,0.016,v,"0,0,0,0",5.89,,,,0.6060000000000008
2021-08-29 05:48,6.444,0.023,v,"0,0,0,0",5.822,,,,0.6219999999999999
2021-08-29 05:54,6.371,0.03,v,"0,0,0,0",5.749,,,,0.6220000000000008
2021-08-29 06:00,6.273,0.03,v,"0,0,0,0",5.67,,,,0.6029999999999998
2021-08-29 06:06,6.198,0.033,v,"0,0,0,0",5.586,,,,0.6120000000000001
2021-08-29 06:12,6.083,0.026,v,"0,0,0,0",5.496,,,,0.5869999999999997
2021-08-29 06:18,5.981,0.043,v,"0,0,0,0",5.403,,,,0.5780000000000003
2021-08-29 06:24,5.856,0.046,v,"0,0,0,0",5.304,,,,0.5519999999999996
2021-08-29 06:30,5.715,0.043,v,"0,0,0,0",5.203,,,,0.5119999999999996
2021-08-29 06:36,5.604,0.03,v,"0,0,0,0",5.097,,,,0.5069999999999997
2021-08-29 06:42,5.522,0.033,v,"0,0,0,0",4.989,,,,0.5330000000000004
2021-08-29 06:48,5.413,0.033,v,"0,0,0,0",4.878,,,,0.5350000000000001
2021-08-29 06:54,5.292,0.039,v,"0,0,0,0",4.764,,,,0.5279999999999996
2021-08-29 07:00,5.171,0.039,v,"0,0,0,0",4.649,,,,0.5220000000000002
2021-08-29 07:06,5.046,0.033,v,"0,0,0,0",4.532,,,,0.5140000000000002
2021-08-29 07:12,4.934,0.036,v,"0,0,0,0",4.414,,,,0.5200000000000005
2021-08-29 07:18,4.813,0.039,v,"0,0,0,0",4.295,,,,0.5179999999999998
2021-08-29 07:24,4.675,0.046,v,"0,0,0,0",4.175,,,,0.5
2021-08-29 07:30,4.534,0.043,v,"0,0,0,0",4.056,,,,0.47799999999999976
2021-08-29 07:36,4.416,0.039,v,"0,0,0,0",3.936,,,,0.4800000000000004
2021-08-29 07:42,4.301,0.039,v,"0,0,0,0",3.817,,,,0.484
2021-08-29 07:48,4.203,0.033,v,"0,0,0,0",3.699,,,,0.5040000000000004
2021-08-29 07:54,4.081,0.043,v,"0,0,0,0",3.581,,,,0.5000000000000004
2021-08-29 08:00,3.953,0.039,v,"0,0,0,0",3.465,,,,0.488
2021-08-29 08:06,3.796,0.052,v,"0,0,0,0",3.35,,,,0.44599999999999973
2021-08-29 08:12,3.665,0.043,v,"0,0,0,0",3.237,,,,0.42799999999999994
2021-08-29 08:18,3.55,0.033,v,"0,0,0,0",3.126,,,,0.42399999999999993
2021-08-29 08:24,3.442,0.03,v,"0,0,0,0",3.017,,,,0.42500000000000027
2021-08-29 08:30,3.34,0.033,v,"0,0,0,0",2.91,,,,0.4299999999999997
2021-08-29 08:36,3.241,0.036,v,"0,0,0,0",2.805,,,,0.43599999999999994
2021-08-29 08:42,3.127,0.043,v,"0,0,0,0",2.703,,,,0.42399999999999993
2021-08-29 08:48,3.015,0.03,v,"0,0,0,0",2.604,,,,0.41100000000000003
2021-08-29 08:54,2.904,0.036,v,"0,0,0,0",2.508,,,,0.3959999999999999
2021-08-29 09:00,2.822,0.033,v,"0,0,0,0",2.414,,,,0.4079999999999999
2021-08-29 09:06,2.746,0.013,v,"0,0,0,0",2.324,,,,0.42200000000000015
2021-08-29 09:12,2.667,0.046,v,"0,0,0,0",2.237,,,,0.4299999999999997
2021-08-29 09:18,2.575,0.026,v,"0,0,0,0",2.153,,,,0.42200000000000015
2021-08-29 09:24,2.47,0.039,v,"0,0,0,0",2.073,,,,0.39700000000000024
2021-08-29 09:30,2.392,0.023,v,"0,0,0,0",1.997,,,,0.3949999999999998
2021-08-29 09:36,2.32,0.026,v,"0,0,0,0",1.925,,,,0.3949999999999998
2021-08-29 09:42,2.267,0.023,v,"0,0,0,0",1.857,,,,0.4099999999999999
2021-08-29 09:48,2.205,0.016,v,"0,0,0,0",1.793,,,,0.41200000000000014
2021-08-29 09:54,2.165,0.013,v,"0,0,0,0",1.734,,,,0.43100000000000005
2021-08-29 10:00,2.136,0.016,v,"0,0,0,0",1.679,,,,0.4570000000000001
2021-08-29 10:06,2.113,0.023,v,"0,0,0,0",1.63,,,,0.4830000000000001
2021-08-29 10:12,2.064,0.016,v,"0,0,0,0",1.586,,,,0.478
2021-08-29 10:18,2.024,0.02,v,"0,0,0,0",1.547,,,,0.4770000000000001
2021-08-29 10:24,1.998,0.01,v,"0,0,0,0",1.514,,,,0.484
2021-08-29 10:30,1.972,0.013,v,"0,0,0,0",1.487,,,,0.4849999999999999
2021-08-29 10:36,1.949,0.016,v,"0,0,0,0",1.467,,,,0.482
2021-08-29 10:42,1.932,0.016,v,"0,0,0,0",1.453,,,,0.47899999999999987
2021-08-29 10:48,1.946,0.016,v,"0,0,0,0",1.446,,,,0.5
2021-08-29 10:54,1.975,0.013,v,"0,0,0,0",1.445,,,,0.53
2021-08-29 11:00,2.014,0.016,v,"0,0,0,0",1.452,,,,0.5619999999999998
2021-08-29 11:06,2.041,0.016,v,"0,0,0,0",1.466,,,,0.575
2021-08-29 11:12,2.024,0.02,v,"0,0,0,0",1.487,,,,0.5369999999999999
2021-08-29 11:18,2.051,0.016,v,"0,0,0,0",1.516,,,,0.5350000000000001
2021-08-29 11:24,2.096,0.02,v,"0,0,0,0",1.552,,,,0.544
2021-08-29 11:30,2.172,0.036,v,"0,0,0,0",1.595,,,,0.5770000000000002
2021-08-29 11:36,2.27,0.026,v,"0,0,0,0",1.646,,,,0.6240000000000001
2021-08-29 11:42,2.346,0.02,v,"0,0,0,0",1.704,,,,0.6420000000000001
2021-08-29 11:48,2.405,0.03,v,"0,0,0,0",1.768,,,,0.6369999999999998
2021-08-29 11:54,2.484,0.036,v,"0,0,0,0",1.839,,,,0.645
2021-08-29 12:00,2.589,0.03,v,"0,0,0,0",1.917,,,,0.6719999999999999
2021-08-29 12:06,2.667,0.043,v,"0,0,0,0",2.001,,,,0.6659999999999999
2021-08-29 12:12,2.779,0.023,v,"0,0,0,0",2.091,,,,0.6879999999999997
2021-08-29 12:18,2.887,0.052,v,"0,0,0,0",2.186,,,,0.7010000000000001
2021-08-29 12:24,3.002,0.033,v,"0,0,0,0",2.286,,,,0.7159999999999997
2021-08-29 12:30,3.104,0.036,v,"0,0,0,0",2.391,,,,0.7130000000000001
2021-08-29 12:36,3.228,0.033,v,"0,0,0,0",2.499,,,,0.7290000000000001
2021-08-29 12:42,3.337,0.039,v,"0,0,0,0",2.612,,,,0.7250000000000001
2021-08-29 12:48,3.442,0.046,v,"0,0,0,0",2.728,,,,0.714
2021-08-29 12:54,3.556,0.049,v,"0,0,0,0",2.846,,,,0.71
2021-08-29 13:00,3.678,0.043,v,"0,0,0,0",2.967,,,,0.7109999999999999
2021-08-29 13:06,3.829,0.056,v,"0,0,0,0",3.09,,,,0.7390000000000003
2021-08-29 13:12,3.934,0.046,v,"0,0,0,0",3.215,,,,0.7190000000000003
2021-08-29 13:18,4.062,0.039,v,"0,0,0,0",3.341,,,,0.7210000000000001
2021-08-29 13:24,4.19,0.052,v,"0,0,0,0",3.467,,,,0.7230000000000003
2021-08-29 13:30,4.334,0.043,v,"0,0,0,0",3.595,,,,0.7389999999999994
2021-08-29 13:36,4.478,0.066,v,"0,0,0,0",3.722,,,,0.7559999999999998
2021-08-29 13:42,4.623,0.043,v,"0,0,0,0",3.849,,,,0.774
2021-08-29 13:48,4.738,0.039,v,"0,0,0,0",3.976,,,,0.7620000000000005
2021-08-29 13:54,4.849,0.046,v,"0,0,0,0",4.103,,,,0.7460000000000004
2021-08-29 14:00,4.987,0.036,v,"0,0,0,0",4.229,,,,0.758
2021-08-29 14:06,5.118,0.046,v,"0,0,0,0",4.354,,,,0.7640000000000002
2021-08-29 14:12,5.243,0.039,v,"0,0,0,0",4.477,,,,0.766
2021-08-29 14:18,5.364,0.036,v,"0,0,0,0",4.6,,,,0.7640000000000002
2021-08-29 14:24,5.499,0.056,v,"0,0,0,0",4.721,,,,0.7779999999999996
2021-08-29 14:30,5.659,0.043,v,"0,0,0,0",4.841,,,,0.8179999999999996
2021-08-29 14:36,5.764,0.039,v,"0,0,0,0",4.959,,,,0.8050000000000006
2021-08-29 14:42,5.879,0.033,v,"0,0,0,0",5.076,,,,0.8029999999999999
2021-08-29 14:48,5.981,0.036,v,"0,0,0,0",5.19,,,,0.7909999999999995
2021-08-29 14:54,6.079,0.043,v,"0,0,0,0",5.302,,,,0.7770000000000001
2021-08-29 15:00,6.207,0.046,v,"0,0,0,0",5.412,,,,0.7949999999999999
2021-08-29 15:06,6.362,0.049,v,"0,0,0,0",5.519,,,,0.843
2021-08-29 15:12,6.486,0.036,v,"0,0,0,0",5.624,,,,0.8620000000000001
2021-08-29 15:18,6.594,0.036,v,"0,0,0,0",5.726,,,,0.8680000000000003
2021-08-29 15:24,6.657,0.023,v,"0,0,0,0",5.824,,,,0.8330000000000002
2021-08-29 15:30,6.749,0.043,v,"0,0,0,0",5.919,,,,0.8300000000000001
2021-08-29 15:36,6.857,0.036,v,"0,0,0,0",6.01,,,,0.8470000000000004
2021-08-29 15:42,6.942,0.023,v,"0,0,0,0",6.097,,,,0.8449999999999998
2021-08-29 15:48,7.001,0.02,v,"0,0,0,0",6.18,,,,0.8210000000000006
2021-08-29 15:54,7.07,0.033,v,"0,0,0,0",6.258,,,,0.8120000000000003
2021-08-29 16:00,7.165,0.033,v,"0,0,0,0",6.331,,,,0.8339999999999996
2021-08-29 16:06,7.247,0.023,v,"0,0,0,0",6.399,,,,0.8479999999999999
2021-08-29 16:12,7.283,0.02,v,"0,0,0,0",6.461,,,,0.8220000000000001
2021-08-29 16:18,7.326,0.016,v,"0,0,0,0",6.518,,,,0.8079999999999998
2021-08-29 16:24,7.349,0.026,v,"0,0,0,0",6.568,,,,0.7810000000000006
2021-08-29 16:30,7.382,0.023,v,"0,0,0,0",6.612,,,,0.7699999999999996
2021-08-29 16:36,7.428,0.02,v,"0,0,0,0",6.649,,,,0.7789999999999999
2021-08-29 16:42,7.448,0.013,v,"0,0,0,0",6.679,,,,0.7690000000000001
2021-08-29 16:48,7.457,0.02,v,"0,0,0,0",6.702,,,,0.7549999999999999
2021-08-29 16:54,7.457,0.02,v,"0,0,0,0",6.719,,,,0.7379999999999995
2021-08-29 17:00,7.448,0.023,v,"0,0,0,0",6.728,,,,0.7200000000000006
2021-08-29 17:06,7.411,0.016,v,"0,0,0,0",6.729,,,,0.6819999999999995
2021-08-29 17:12,7.395,0.016,v,"0,0,0,0",6.723,,,,0.6719999999999997
2021-08-29 17:18,7.382,0.016,v,"0,0,0,0",6.71,,,,0.6719999999999997
2021-08-29 17:24,7.336,0.026,v,"0,0,0,0",6.69,,,,0.6459999999999999
2021-08-29 17:30,7.29,0.023,v,"0,0,0,0",6.662,,,,0.6280000000000001
2021-08-29 17:36,7.247,0.023,v,"0,0,0,0",6.627,,,,0.6200000000000001
2021-08-29 17:42,7.182,0.023,v,"0,0,0,0",6.585,,,,0.5970000000000004
2021-08-29 17:48,7.113,0.039,v,"0,0,0,0",6.536,,,,0.5770000000000008
2021-08-29 17:54,7.044,0.033,v,"0,0,0,0",6.481,,,,0.5629999999999997
2021-08-29 18:00,6.932,0.039,v,"0,0,0,0",6.419,,,,0.5130000000000008
2021-08-29 18:06,6.834,0.03,v,"0,0,0,0",6.351,,,,0.48299999999999965
2021-08-29 18:12,6.772,0.033,v,"0,0,0,0",6.277,,,,0.4950000000000001
2021-08-29 18:18,6.699,0.03,v,"0,0,0,0",6.197,,,,0.5019999999999998
2021-08-29 18:24,6.621,0.03,v,"0,0,0,0",6.112,,,,0.5090000000000003
2021-08-29 18:30,6.506,0.039,v,"0,0,0,0",6.022,,,,0.484
2021-08-29 18:36,6.414,0.039,v,"0,0,0,0",5.927,,,,0.4870000000000001
2021-08-29 18:42,6.299,0.036,v,"0,0,0,0",5.828,,,,0.4710000000000001
2021-08-29 18:48,6.191,0.033,v,"0,0,0,0",5.725,,,,0.4660000000000002
2021-08-29 18:54,6.096,0.03,v,"0,0,0,0",5.618,,,,0.47799999999999976
2021-08-29 19:00,5.981,0.043,v,"0,0,0,0",5.507,,,,0.4740000000000002
2021-08-29 19:06,5.846,0.052,v,"0,0,0,0",5.394,,,,0.45199999999999996
2021-08-29 19:12,5.712,0.046,v,"0,0,0,0",5.278,,,,0.43400000000000016
2021-08-29 19:18,5.597,0.03,v,"0,0,0,0",5.159,,,,0.4380000000000006
2021-08-29 19:24,5.486,0.043,v,"0,0,0,0",5.039,,,,0.44700000000000006
2021-08-29 19:30,5.381,0.039,v,"0,0,0,0",4.917,,,,0.4640000000000004
2021-08-29 19:36,5.253,0.049,v,"0,0,0,0",4.793,,,,0.45999999999999996
2021-08-29 19:42,5.085,0.059,v,"0,0,0,0",4.669,,,,0.41600000000000037
2021-08-29 19:48,4.938,0.039,v,"0,0,0,0",4.544,,,,0.39400000000000013
2021-08-29 19:54,4.8,0.043,v,"0,0,0,0",4.418,,,,0.3819999999999997
2021-08-29 20:00,4.685,0.03,v,"0,0,0,0",4.293,,,,0.39199999999999946
2021-08-29 20:06,4.57,0.03,v,"0,0,0,0",4.167,,,,0.40300000000000047
2021-08-29 20:12,4.442,0.046,v,"0,0,0,0",4.042,,,,0.40000000000000036
2021-08-29 20:18,4.295,0.046,v,"0,0,0,0",3.917,,,,0.3780000000000001
2021-08-29 20:24,4.131,0.059,v,"0,0,0,0",3.793,,,,0.3380000000000001
2021-08-29 20:30,3.983,0.039,v,"0,0,0,0",3.67,,,,0.31300000000000017
2021-08-29 20:36,3.852,0.049,v,"0,0,0,0",3.548,,,,0.3039999999999998
2021-08-29 20:42,3.701,0.046,v,"0,0,0,0",3.428,,,,0.27300000000000013
2021-08-29 20:48,3.586,0.03,v,"0,0,0,0",3.309,,,,0.2769999999999997
2021-08-29 20:54,3.481,0.033,v,"0,0,0,0",3.192,,,,0.2889999999999997
2021-08-29 21:00,3.36,0.033,v,"0,0,0,0",3.076,,,,0.2839999999999998
2021-08-29 21:06,3.258,0.039,v,"0,0,0,0",2.963,,,,0.29499999999999993
2021-08-29 21:12,3.156,0.046,v,"0,0,0,0",2.851,,,,0.30500000000000016
2021-08-29 21:18,3.038,0.039,v,"0,0,0,0",2.741,,,,0.2969999999999997
2021-08-29 21:24,2.94,0.033,v,"0,0,0,0",2.634,,,,0.30600000000000005
2021-08-29 21:30,2.825,0.026,v,"0,0,0,0",2.529,,,,0.29600000000000026
2021-08-29 21:36,2.73,0.033,v,"0,0,0,0",2.427,,,,0.30299999999999994
2021-08-29 21:42,2.608,0.026,v,"0,0,0,0",2.328,,,,0.28000000000000025
2021-08-29 21:48,2.51,0.026,v,"0,0,0,0",2.231,,,,0.2789999999999999
2021-08-29 21:54,2.441,0.023,v,"0,0,0,0",2.137,,,,0.3039999999999998
2021-08-29 22:00,2.346,0.03,v,"0,0,0,0",2.046,,,,0.30000000000000027
2021-08-29 22:06,2.254,0.03,v,"0,0,0,0",1.959,,,,0.29499999999999993
2021-08-29 22:12,2.162,0.026,v,"0,0,0,0",1.876,,,,0.28600000000000003
2021-08-29 22:18,2.067,0.023,v,"0,0,0,0",1.796,,,,0.27100000000000013
2021-08-29 22:24,2.008,0.016,v,"0,0,0,0",1.72,,,,0.28800000000000003
2021-08-29 22:30,1.939,0.02,v,"0,0,0,0",1.649,,,,0.29000000000000004
2021-08-29 22:36,1.873,0.03,v,"0,0,0,0",1.582,,,,0.2909999999999999
2021-08-29 22:42,1.798,0.016,v,"0,0,0,0",1.52,,,,0.278
2021-08-29 22:48,1.722,0.03,v,"0,0,0,0",1.463,,,,0.2589999999999999
2021-08-29 22:54,1.657,0.016,v,"0,0,0,0",1.412,,,,0.2450000000000001
2021-08-29 23:00,1.614,0.026,v,"0,0,0,0",1.366,,,,0.248
2021-08-29 23:06,1.594,0.016,v,"0,0,0,0",1.327,,,,0.2670000000000001
2021-08-29 23:12,1.611,0.013,v,"0,0,0,0",1.294,,,,0.31699999999999995
2021-08-29 23:18,1.621,0.013,v,"0,0,0,0",1.267,,,,0.3540000000000001
2021-08-29 23:24,1.588,0.013,v,"0,0,0,0",1.247,,,,0.34099999999999997
2021-08-29 23:30,1.549,0.01,v,"0,0,0,0",1.234,,,,0.31499999999999995
2021-08-29 23:36,1.535,0.007,v,"0,0,0,0",1.228,,,,0.30699999999999994
2021-08-29 23:42,1.555,0.01,v,"0,0,0,0",1.229,,,,0.32599999999999985
2021-08-29 23:48,1.575,0.007,v,"0,0,0,0",1.237,,,,0.33799999999999986
2021-08-29 23:54,1.581,0.007,v,"0,0,0,0",1.253,,,,0.32800000000000007
2021-08-30 00:00,1.614,0.02,v,"0,0,0,0",1.276,,,,0.3380000000000001
2021-08-30 00:06,1.68,0.026,v,"0,0,0,0",1.306,,,,0.3739999999999999
2021-08-30 00:12,1.768,0.026,v,"0,0,0,0",1.343,,,,0.42500000000000004
2021-08-30 00:18,1.847,0.026,v,"0,0,0,0",1.386,,,,0.4610000000000001
2021-08-30 00:24,1.919,0.02,v,"0,0,0,0",1.437,,,,0.482
2021-08-30 00:30,1.975,0.013,v,"0,0,0,0",1.494,,,,0.4810000000000001
2021-08-30 00:36,2.001,0.01,v,"0,0,0,0",1.557,,,,0.44399999999999995
2021-08-30 00:42,2.054,0.026,v,"0,0,0,0",1.627,,,,0.4269999999999998
2021-08-30 00:48,2.159,0.036,v,"0,0,0,0",1.701,,,,0.45799999999999974
2021-08-30 00:54,2.287,0.046,v,"0,0,0,0",1.781,,,,0.506
2021-08-30 01:00,2.418,0.033,v,"0,0,0,0",1.865,,,,0.5530000000000002
2021-08-30 01:06,2.526,0.033,v,"0,0,0,0",1.954,,,,0.5719999999999998
2021-08-30 01:12,2.618,0.026,v,"0,0,0,0",2.047,,,,0.5709999999999997
2021-08-30 01:18,2.7,0.02,v,"0,0,0,0",2.144,,,,0.556
2021-08-30 01:24,2.756,0.016,v,"0,0,0,0",2.243,,,,0.5129999999999999
2021-08-30 01:30,2.848,0.039,v,"0,0,0,0",2.346,,,,0.5019999999999998
2021-08-30 01:36,2.972,0.039,v,"0,0,0,0",2.451,,,,0.5209999999999999
2021-08-30 01:42,3.123,0.046,v,"0,0,0,0",2.558,,,,0.5650000000000004
2021-08-30 01:48,3.268,0.046,v,"0,0,0,0",2.667,,,,0.601
2021-08-30 01:54,3.415,0.039,v,"0,0,0,0",2.777,,,,0.6379999999999999
2021-08-30 02:00,3.524,0.026,v,"0,0,0,0",2.888,,,,0.6360000000000001
2021-08-30 02:06,3.612,0.033,v,"0,0,0,0",3.001,,,,0.6110000000000002
2021-08-30 02:12,3.724,0.03,v,"0,0,0,0",3.114,,,,0.6100000000000003
2021-08-30 02:18,3.848,0.043,v,"0,0,0,0",3.228,,,,0.6199999999999997
2021-08-30 02:24,3.976,0.043,v,"0,0,0,0",3.342,,,,0.6339999999999999
2021-08-30 02:30,4.114,0.039,v,"0,0,0,0",3.456,,,,0.6579999999999999
2021-08-30 02:36,4.245,0.043,v,"0,0,0,0",3.57,,,,0.6750000000000003
2021-08-30 02:42,4.377,0.043,v,"0,0,0,0",3.684,,,,0.6929999999999996
2021-08-30 02:48,4.511,0.043,v,"0,0,0,0",3.798,,,,0.7130000000000001
2021-08-30 02:54,4.636,0.043,v,"0,0,0,0",3.911,,,,0.7250000000000001
2021-08-30 03:00,4.754,0.039,v,"0,0,0,0",4.024,,,,0.7299999999999995
2021-08-30 03:06,4.905,0.046,v,"0,0,0,0",4.136,,,,0.7690000000000001
2021-08-30 03:12,5.023,0.033,v,"0,0,0,0",4.247,,,,0.7759999999999998
2021-08-30 03:18,5.121,0.03,v,"0,0,0,0",4.357,,,,0.7640000000000002
2021-08-30 03:24,5.23,0.039,v,"0,0,0,0",4.466,,,,0.7640000000000002
2021-08-30 03:30,5.351,0.039,v,"0,0,0,0",4.574,,,,0.7770000000000001
2021-08-30 03:36,5.476,0.036,v,"0,0,0,0",4.679,,,,0.7969999999999997
2021-08-30 03:42,5.597,0.039,v,"0,0,0,0",4.783,,,,0.8140000000000001
2021-08-30 03:48,5.718,0.033,v,"0,0,0,0",4.885,,,,0.8330000000000002
2021-08-30 03:54,5.82,0.036,v,"0,0,0,0",4.984,,,,0.8360000000000003
2021-08-30 04:00,5.896,0.023,v,"0,0,0,0",5.08,,,,0.8159999999999998
2021-08-30 04:06,5.965,0.026,v,"0,0,0,0",5.173,,,,0.7919999999999998
2021-08-30 04:12,6.027,0.033,v,"0,0,0,0",5.263,,,,0.7640000000000002
2021-08-30 04:18,6.132,0.033,v,"0,0,0,0",5.348,,,,0.7839999999999998
2021-08-30 04:24,6.224,0.036,v,"0,0,0,0",5.43,,,,0.7940000000000005
2021-08-30 04:30,6.306,0.026,v,"0,0,0,0",5.507,,,,0.7990000000000004
2021-08-30 04:36,6.365,0.033,v,"0,0,0,0",5.58,,,,0.7850000000000001
2021-08-30 04:42,6.417,0.03,v,"0,0,0,0",5.647,,,,0.7699999999999996
2021-08-30 04:48,6.48,0.03,v,"0,0,0,0",5.709,,,,0.7710000000000008
2021-08-30 04:54,6.552,0.033,v,"0,0,0,0",5.765,,,,0.7869999999999999
2021-08-30 05:00,6.608,0.026,v,"0,0,0,0",5.815,,,,0.7929999999999993
2021-08-30 05:06,6.604,0.023,v,"0,0,0,0",5.859,,,,0.7450000000000001
2021-08-30 05:12,6.614,0.02,v,"0,0,0,0",5.897,,,,0.7169999999999996
2021-08-30 05:18,6.64,0.02,v,"0,0,0,0",5.927,,,,0.7130000000000001
2021-08-30 05:24,6.663,0.016,v,"0,0,0,0",5.951,,,,0.7120000000000006
2021-08-30 05:30,6.686,0.016,v,"0,0,0,0",5.968,,,,0.718
2021-08-30 05:36,6.716,0.013,v,"0,0,0,0",5.979,,,,0.7370000000000001
2021-08-30 05:42,6.693,0.013,v,"0,0,0,0",5.982,,,,0.7109999999999994
2021-08-30 05:48,6.663,0.013,v,"0,0,0,0",5.978,,,,0.6850000000000005
2021-08-30 05:54,6.617,0.023,v,"0,0,0,0",5.967,,,,0.6500000000000004
2021-08-30 06:00,6.555,0.016,v,"0,0,0,0",5.949,,,,0.6059999999999999
2021-08-30 06:06,6.519,0.016,v,"0,0,0,0",5.924,,,,0.5949999999999998
2021-08-30 06:12,6.503,0.02,v,"0,0,0,0",5.893,,,,0.6100000000000003
2021-08-30 06:18,6.453,0.023,v,"0,0,0,0",5.855,,,,0.5979999999999999
2021-08-30 06:24,6.394,0.023,v,"0,0,0,0",5.81,,,,0.5840000000000005
2021-08-30 06:30,6.329,0.026,v,"0,0,0,0",5.76,,,,0.569
2021-08-30 06:36,6.26,0.03,v,"0,0,0,0",5.703,,,,0.5569999999999995
2021-08-30 06:42,6.171,0.026,v,"0,0,0,0",5.641,,,,0.5300000000000002
2021-08-30 06:48,6.07,0.036,v,"0,0,0,0",5.574,,,,0.49600000000000044
2021-08-30 06:54,5.961,0.03,v,"0,0,0,0",5.501,,,,0.45999999999999996
2021-08-30 07:00,5.873,0.03,v,"0,0,0,0",5.424,,,,0.44899999999999984
2021-08-30 07:06,5.791,0.03,v,"0,0,0,0",5.343,,,,0.4480000000000004
2021-08-30 07:12,5.712,0.03,v,"0,0,0,0",5.257,,,,0.45500000000000007
2021-08-30 07:18,5.64,0.033,v,"0,0,0,0",5.167,,,,0.47299999999999986
2021-08-30 07:24,5.515,0.039,v,"0,0,0,0",5.074,,,,0.44099999999999984
2021-08-30 07:30,5.4,0.036,v,"0,0,0,0",4.978,,,,0.4220000000000006
2021-08-30 07:36,5.299,0.036,v,"0,0,0,0",4.88,,,,0.4190000000000005
2021-08-30 07:42,5.174,0.039,v,"0,0,0,0",4.779,,,,0.39500000000000046
2021-08-30 07:48,5.066,0.03,v,"0,0,0,0",4.675,,,,0.391
2021-08-30 07:54,4.941,0.043,v,"0,0,0,0",4.571,,,,0.3700000000000001
2021-08-30 08:00,4.816,0.036,v,"0,0,0,0",4.464,,,,0.3519999999999994
2021-08-30 08:06,4.718,0.039,v,"0,0,0,0",4.357,,,,0.36099999999999977
2021-08-30 08:12,4.629,0.026,v,"0,0,0,0",4.249,,,,0.3799999999999999
2021-08-30 08:18,4.528,0.052,v,"0,0,0,0",4.141,,,,0.38699999999999957
2021-08-30 08:24,4.406,0.039,v,"0,0,0,0",4.032,,,,0.37399999999999967
2021-08-30 08:30,4.259,0.066,v,"0,0,0,0",3.924,,,,0.3350000000000004
2021-08-30 08:36,4.108,0.052,v,"0,0,0,0",3.816,,,,0.2919999999999998
2021-08-30 08:42,3.98,0.049,v,"0,0,0,0",3.708,,,,0.2719999999999998
2021-08-30 08:48,3.858,0.033,v,"0,0,0,0",3.602,,,,0.2560000000000002
2021-08-30 08:54,3.766,0.033,v,"0,0,0,0",3.496,,,,0.27
2021-08-30 09:00,3.688,0.03,v,"0,0,0,0",3.392,,,,0.29600000000000026
2021-08-30 09:06,3.576,0.049,v,"0,0,0,0",3.29,,,,0.28600000000000003
2021-08-30 09:12,3.445,0.052,v,"0,0,0,0",3.189,,,,0.2559999999999998
2021-08-30 09:18,3.304,0.043,v,"0,0,0,0",3.089,,,,0.21499999999999986
2021-08-30 09:24,3.196,0.036,v,"0,0,0,0",2.992,,,,0.20400000000000018
2021-08-30 09:30,3.12,0.036,v,"0,0,0,0",2.897,,,,0.2230000000000003
2021-08-30 09:36,3.018,0.036,v,"0,0,0,0",2.804,,,,0.21399999999999997
2021-08-30 09:42,2.907,0.039,v,"0,0,0,0",2.713,,,,0.19399999999999995
2021-08-30 09:48,2.808,0.033,v,"0,0,0,0",2.625,,,,0.18299999999999983
2021-08-30 09:54,2.749,0.026,v,"0,0,0,0",2.54,,,,0.20900000000000007
2021-08-30 10:00,2.7,0.033,v,"0,0,0,0",2.457,,,,0.24300000000000033
2021-08-30 10:06,2.618,0.049,v,"0,0,0,0",2.377,,,,0.2410000000000001
2021-08-30 10:12,2.526,0.033,v,"0,0,0,0",2.3,,,,0.22599999999999998
2021-08-30 10:18,2.428,0.043,v,"0,0,0,0",2.227,,,,0.20100000000000007
2021-08-30 10:24,2.343,0.03,v,"0,0,0,0",2.156,,,,0.18699999999999983
2021-08-30 10:30,2.316,0.026,v,"0,0,0,0",2.09,,,,0.22599999999999998
2021-08-30 10:36,2.293,0.03,v,"0,0,0,0",2.027,,,,0.266
2021-08-30 10:42,2.257,0.036,v,"0,0,0,0",1.968,,,,0.28900000000000015
2021-08-30 10:48,2.182,0.03,v,"0,0,0,0",1.913,,,,0.2689999999999999
2021-08-30 10:54,2.142,0.03,v,"0,0,0,0",1.863,,,,0.2789999999999999
2021-08-30 11:00,2.123,0.026,v,"0,0,0,0",1.818,,,,0.30500000000000016
2021-08-30 11:06,2.113,0.026,v,"0,0,0,0",1.777,,,,0.3360000000000001
2021-08-30 11:12,2.074,0.026,v,"0,0,0,0",1.742,,,,0.33199999999999985
2021-08-30 11:18,2.041,0.03,v,"0,0,0,0",1.712,,,,0.32899999999999996
2021-08-30 11:24,2.044,0.02,v,"0,0,0,0",1.688,,,,0.3560000000000001
2021-08-30 11:30,2.047,0.033,v,"0,0,0,0",1.67,,,,0.3770000000000002
2021-08-30 11:36,2.051,0.026,v,"0,0,0,0",1.658,,,,0.39300000000000024
2021-08-30 11:42,2.07,0.023,v,"0,0,0,0",1.653,,,,0.4169999999999998
2021-08-30 11:48,2.047,0.033,v,"0,0,0,0",1.654,,,,0.39300000000000024
2021-08-30 11:54,2.051,0.036,v,"0,0,0,0",1.662,,,,0.38900000000000023
2021-08-30 12:00,2.037,0.023,v,"0,0,0,0",1.677,,,,0.3599999999999999
2021-08-30 12:06,2.051,0.03,v,"0,0,0,0",1.698,,,,0.3530000000000002
2021-08-30 12:12,2.142,0.039,v,"0,0,0,0",1.727,,,,0.4149999999999998
2021-08-30 12:18,2.221,0.039,v,"0,0,0,0",1.763,,,,0.4580000000000002
2021-08-30 12:24,2.293,0.033,v,"0,0,0,0",1.805,,,,0.4880000000000002
2021-08-30 12:30,2.349,0.036,v,"0,0,0,0",1.855,,,,0.4940000000000002
2021-08-30 12:36,2.372,0.033,v,"0,0,0,0",1.911,,,,0.46099999999999985
2021-08-30 12:42,2.441,0.036,v,"0,0,0,0",1.973,,,,0.46799999999999975
2021-08-30 12:48,2.546,0.049,v,"0,0,0,0",2.042,,,,0.504
2021-08-30 12:54,2.654,0.043,v,"0,0,0,0",2.116,,,,0.5379999999999998
2021-08-30 13:00,2.72,0.033,v,"0,0,0,0",2.197,,,,0.5230000000000001
2021-08-30 13:06,2.792,0.039,v,"0,0,0,0",2.282,,,,0.5099999999999998
2021-08-30 13:12,2.867,0.039,v,"0,0,0,0",2.373,,,,0.4939999999999998
2021-08-30 13:18,2.946,0.036,v,"0,0,0,0",2.468,,,,0.4780000000000002
2021-08-30 13:24,3.064,0.052,v,"0,0,0,0",2.567,,,,0.4969999999999999
2021-08-30 13:30,3.173,0.043,v,"0,0,0,0",2.67,,,,0.5030000000000001
2021-08-30 13:36,3.301,0.036,v,"0,0,0,0",2.776,,,,0.5250000000000004
2021-08-30 13:42,3.412,0.046,v,"0,0,0,0",2.885,,,,0.5270000000000001
2021-08-30 13:48,3.491,0.046,v,"0,0,0,0",2.996,,,,0.4950000000000001
2021-08-30 13:54,3.615,0.036,v,"0,0,0,0",3.109,,,,0.5060000000000002
2021-08-30 14:00,3.72,0.056,v,"0,0,0,0",3.224,,,,0.496
2021-08-30 14:06,3.835,0.046,v,"0,0,0,0",3.34,,,,0.4950000000000001
2021-08-30 14:12,3.983,0.052,v,"0,0,0,0",3.457,,,,0.5260000000000002
2021-08-30 14:18,4.127,0.056,v,"0,0,0,0",3.575,,,,0.5519999999999996
2021-08-30 14:24,4.268,0.033,v,"0,0,0,0",3.692,,,,0.5759999999999996
2021-08-30 14:30,4.39,0.043,v,"0,0,0,0",3.81,,,,0.5799999999999996
2021-08-30 14:36,4.491,0.046,v,"0,0,0,0",3.928,,,,0.5629999999999997
2021-08-30 14:42,4.61,0.039,v,"0,0,0,0",4.045,,,,0.5650000000000004
2021-08-30 14:48,4.728,0.043,v,"0,0,0,0",4.161,,,,0.5670000000000002
2021-08-30 14:54,4.869,0.052,v,"0,0,0,0",4.277,,,,0.5919999999999996
2021-08-30 15:00,4.993,0.056,v,"0,0,0,0",4.392,,,,0.601
2021-08-30 15:06,5.125,0.046,v,"0,0,0,0",4.506,,,,0.6189999999999998
2021-08-30 15:12,5.21,0.052,v,"0,0,0,0",4.618,,,,0.5919999999999996
2021-08-30 15:18,5.335,0.043,v,"0,0,0,0",4.73,,,,0.6049999999999995
2021-08-30 15:24,5.466,0.043,v,"0,0,0,0",4.84,,,,0.6260000000000003
2021-08-30 15:30,5.568,0.043,v,"0,0,0,0",4.948,,,,0.6199999999999992
2021-08-30 15:36,5.679,0.049,v,"0,0,0,0",5.055,,,,0.6240000000000006
2021-08-30 15:42,5.784,0.043,v,"0,0,0,0",5.159,,,,0.625
2021-08-30 15:48,5.906,0.043,v,"0,0,0,0",5.262,,,,0.6440000000000001
2021-08-30 15:54,6.03,0.046,v,"0,0,0,0",5.363,,,,0.6669999999999998
2021-08-30 16:00,6.138,0.039,v,"0,0,0,0",5.462,,,,0.6760000000000002
2021-08-30 16:06,6.211,0.033,v,"0,0,0,0",5.558,,,,0.6530000000000005
2021-08-30 16:12,6.299,0.039,v,"0,0,0,0",5.651,,,,0.6480000000000006
2021-08-30 16:18,6.424,0.043,v,"0,0,0,0",5.741,,,,0.6830000000000007
2021-08-30 16:24,6.519,0.033,v,"0,0,0,0",5.828,,,,0.6909999999999998
2021-08-30 16:30,6.598,0.033,v,"0,0,0,0",5.912,,,,0.6859999999999999
2021-08-30 16:36,6.686,0.039,v,"0,0,0,0",5.992,,,,0.694
2021-08-30 16:42,6.772,0.033,v,"0,0,0,0",6.068,,,,0.7040000000000006
2021-08-30 16:48,6.834,0.026,v,"0,0,0,0",6.139,,,,0.6949999999999994
2021-08-30 16:54,6.896,0.026,v,"0,0,0,0",6.206,,,,0.6899999999999995
2021-08-30 17:00,6.949,0.03,v,"0,0,0,0",6.268,,,,0.681
2021-08-30 17:06,7.021,0.026,v,"0,0,0,0",6.324,,,,0.6970000000000001
2021-08-30 17:12,7.077,0.033,v,"0,0,0,0",6.375,,,,0.702
2021-08-30 17:18,7.113,0.016,v,"0,0,0,0",6.421,,,,0.6920000000000002
2021-08-30 17:24,7.136,0.026,v,"0,0,0,0",6.46,,,,0.6760000000000002
2021-08-30 17:30,7.201,0.02,v,"0,0,0,0",6.494,,,,0.7069999999999999
2021-08-30 17:36,7.238,0.023,v,"0,0,0,0",6.52,,,,0.7180000000000009
2021-08-30 17:42,7.247,0.02,v,"0,0,0,0",6.541,,,,0.7059999999999995
2021-08-30 17:48,7.247,0.016,v,"0,0,0,0",6.555,,,,0.6920000000000002
2021-08-30 17:54,7.234,0.016,v,"0,0,0,0",6.562,,,,0.6719999999999997
2021-08-30 18:00,7.228,0.026,v,"0,0,0,0",6.562,,,,0.6659999999999995
2021-08-30 18:06,7.218,0.02,v,"0,0,0,0",6.555,,,,0.6630000000000003
2021-08-30 18:12,7.195,0.016,v,"0,0,0,0",6.542,,,,0.6530000000000005
2021-08-30 18:18,7.175,0.023,v,"0,0,0,0",6.522,,,,0.6529999999999996
2021-08-30 18:24,7.162,0.026,v,"0,0,0,0",6.495,,,,0.6669999999999998
2021-08-30 18:30,7.146,0.026,v,"0,0,0,0",6.461,,,,0.6849999999999996
2021-08-30 18:36,7.07,0.036,v,"0,0,0,0",6.421,,,,0.649
2021-08-30 18:42,6.982,0.03,v,"0,0,0,0",6.375,,,,0.6070000000000002
2021-08-30 18:48,6.916,0.03,v,"0,0,0,0",6.323,,,,0.593
2021-08-30 18:54,6.844,0.026,v,"0,0,0,0",6.264,,,,0.5800000000000001
2021-08-30 19:00,6.785,0.03,v,"0,0,0,0",6.2,,,,0.585
2021-08-30 19:06,6.726,0.03,v,"0,0,0,0",6.131,,,,0.5949999999999998
2021-08-30 19:12,6.637,0.043,v,"0,0,0,0",6.056,,,,0.5809999999999995
2021-08-30 19:18,6.555,0.03,v,"0,0,0,0",5.977,,,,0.5779999999999994
2021-08-30 19:24,6.444,0.036,v,"0,0,0,0",5.892,,,,0.5519999999999996
2021-08-30 19:30,6.348,0.043,v,"0,0,0,0",5.804,,,,0.5439999999999996
2021-08-30 19:36,6.234,0.033,v,"0,0,0,0",5.711,,,,0.5229999999999997
2021-08-30 19:42,6.142,0.043,v,"0,0,0,0",5.615,,,,0.5270000000000001
2021-08-30 19:48,6.02,0.049,v,"0,0,0,0",5.515,,,,0.5049999999999999
2021-08-30 19:54,5.899,0.033,v,"0,0,0,0",5.412,,,,0.4870000000000001
2021-08-30 20:00,5.817,0.036,v,"0,0,0,0",5.307,,,,0.5099999999999998
2021-08-30 20:06,5.725,0.046,v,"0,0,0,0",5.199,,,,0.5259999999999998
2021-08-30 20:12,5.614,0.046,v,"0,0,0,0",5.088,,,,0.5259999999999998
2021-08-30 20:18,5.482,0.046,v,"0,0,0,0",4.976,,,,0.5060000000000002
2021-08-30 20:24,5.361,0.046,v,"0,0,0,0",4.863,,,,0.49799999999999933
2021-08-30 20:30,5.246,0.039,v,"0,0,0,0",4.747,,,,0.49900000000000055
2021-08-30 20:36,5.135,0.043,v,"0,0,0,0",4.631,,,,0.5039999999999996
2021-08-30 20:42,5.003,0.033,v,"0,0,0,0",4.515,,,,0.48800000000000043
2021-08-30 20:48,4.892,0.046,v,"0,0,0,0",4.397,,,,0.4950000000000001
2021-08-30 20:54,4.728,0.056,v,"0,0,0,0",4.28,,,,0.4479999999999995
2021-08-30 21:00,4.623,0.026,v,"0,0,0,0",4.162,,,,0.4610000000000003
2021-08-30 21:06,4.514,0.049,v,"0,0,0,0",4.045,,,,0.4690000000000003
2021-08-30 21:12,4.386,0.046,v,"0,0,0,0",3.928,,,,0.4580000000000002
2021-08-30 21:18,4.262,0.046,v,"0,0,0,0",3.811,,,,0.4509999999999996
2021-08-30 21:24,4.114,0.043,v,"0,0,0,0",3.695,,,,0.41900000000000004
2021-08-30 21:30,3.983,0.056,v,"0,0,0,0",3.58,,,,0.403
2021-08-30 21:36,3.845,0.036,v,"0,0,0,0",3.466,,,,0.379
2021-08-30 21:42,3.74,0.043,v,"0,0,0,0",3.353,,,,0.387
2021-08-30 21:48,3.648,0.033,v,"0,0,0,0",3.242,,,,0.40600000000000014
2021-08-30 21:54,3.527,0.033,v,"0,0,0,0",3.132,,,,0.395
2021-08-30 22:00,3.422,0.049,v,"0,0,0,0",3.023,,,,0.399
2021-08-30 22:06,3.317,0.039,v,"0,0,0,0",2.916,,,,0.40100000000000025
2021-08-30 22:12,3.199,0.033,v,"0,0,0,0",2.811,,,,0.3879999999999999
2021-08-30 22:18,3.094,0.036,v,"0,0,0,0",2.708,,,,0.3859999999999997
2021-08-30 22:24,2.982,0.033,v,"0,0,0,0",2.606,,,,0.37600000000000033
2021-08-30 22:30,2.871,0.033,v,"0,0,0,0",2.507,,,,0.3639999999999999
2021-08-30 22:36,2.799,0.026,v,"0,0,0,0",2.41,,,,0.3889999999999998
2021-08-30 22:42,2.717,0.023,v,"0,0,0,0",2.316,,,,0.40100000000000025
2021-08-30 22:48,2.631,0.03,v,"0,0,0,0",2.224,,,,0.4069999999999996
2021-08-30 22:54,2.536,0.033,v,"0,0,0,0",2.135,,,,0.40100000000000025
2021-08-30 23:00,2.434,0.03,v,"0,0,0,0",2.05,,,,0.38400000000000034
2021-08-30 23:06,2.359,0.016,v,"0,0,0,0",1.967,,,,0.3919999999999999
2021-08-30 23:12,2.29,0.026,v,"0,0,0,0",1.888,,,,0.40200000000000014
2021-08-30 23:18,2.234,0.013,v,"0,0,0,0",1.813,,,,0.42100000000000004
2021-08-30 23:24,2.165,0.03,v,"0,0,0,0",1.742,,,,0.42300000000000004
2021-08-30 23:30,2.093,0.02,v,"0,0,0,0",1.675,,,,0.4179999999999999
2021-08-30 23:36,2.044,0.013,v,"0,0,0,0",1.614,,,,0.42999999999999994
2021-08-30 23:42,2.001,0.01,v,"0,0,0,0",1.557,,,,0.44399999999999995
2021-08-30 23:48,1.968,0.013,v,"0,0,0,0",1.505,,,,0.4630000000000001
2021-08-30 23:54,1.919,0.02,v,"0,0,0,0",1.459,,,,0.45999999999999996
2021-08-31 00:00,1.867,0.016,v,"0,0,0,0",1.419,,,,0.44799999999999995
2021-08-31 00:06,1.85,0.003,v,"0,0,0,0",1.384,,,,0.4660000000000002
2021-08-31 00:12,1.847,0.003,v,"0,0,0,0",1.357,,,,0.49
2021-08-31 00:18,1.847,0.003,v,"0,0,0,0",1.335,,,,0.512
2021-08-31 00:24,1.837,0.003,v,"0,0,0,0",1.321,,,,0.516
2021-08-31 00:30,1.824,0.007,v,"0,0,0,0",1.313,,,,0.5110000000000001
2021-08-31 00:36,1.827,0.01,v,"0,0,0,0",1.313,,,,0.514
2021-08-31 00:42,1.877,0.016,v,"0,0,0,0",1.319,,,,0.558
2021-08-31 00:48,1.926,0.016,v,"0,0,0,0",1.332,,,,0.5939999999999999
2021-08-31 00:54,1.975,0.01,v,"0,0,0,0",1.353,,,,0.6220000000000001
2021-08-31 01:00,2.014,0.02,v,"0,0,0,0",1.38,,,,0.6339999999999999
2021-08-31 01:06,2.067,0.013,v,"0,0,0,0",1.414,,,,0.6530000000000002
2021-08-31 01:12,2.123,0.016,v,"0,0,0,0",1.455,,,,0.6680000000000001
2021-08-31 01:18,2.169,0.016,v,"0,0,0,0",1.503,,,,0.6660000000000001
2021-08-31 01:24,2.221,0.02,v,"0,0,0,0",1.556,,,,0.665
2021-08-31 01:30,2.313,0.036,v,"0,0,0,0",1.615,,,,0.6980000000000002
2021-08-31 01:36,2.411,0.033,v,"0,0,0,0",1.68,,,,0.7310000000000001
2021-08-31 01:42,2.513,0.03,v,"0,0,0,0",1.751,,,,0.762
2021-08-31 01:48,2.605,0.03,v,"0,0,0,0",1.826,,,,0.7789999999999999
2021-08-31 01:54,2.684,0.016,v,"0,0,0,0",1.905,,,,0.7790000000000001
2021-08-31 02:00,2.756,0.026,v,"0,0,0,0",1.989,,,,0.7669999999999997
2021-08-31 02:06,2.831,0.023,v,"0,0,0,0",2.076,,,,0.7549999999999999
2021-08-31 02:12,2.91,0.023,v,"0,0,0,0",2.167,,,,0.7430000000000003
2021-08-31 02:18,3.005,0.036,v,"0,0,0,0",2.261,,,,0.7439999999999998
2021-08-31 02:24,3.133,0.039,v,"0,0,0,0",2.358,,,,0.7749999999999999
2021-08-31 02:30,3.258,0.036,v,"0,0,0,0",2.456,,,,0.802
2021-08-31 02:36,3.383,0.039,v,"0,0,0,0",2.557,,,,0.8260000000000001
2021-08-31 02:42,3.484,0.026,v,"0,0,0,0",2.66,,,,0.8239999999999998
2021-08-31 02:48,3.599,0.039,v,"0,0,0,0",2.764,,,,0.8350000000000004
2021-08-31 02:54,3.72,0.039,v,"0,0,0,0",2.869,,,,0.851
2021-08-31 03:00,3.832,0.03,v,"0,0,0,0",2.975,,,,0.8569999999999998
2021-08-31 03:06,3.934,0.036,v,"0,0,0,0",3.082,,,,0.8520000000000003
2021-08-31 03:12,4.049,0.033,v,"0,0,0,0",3.189,,,,0.8600000000000003
2021-08-31 03:18,4.173,0.039,v,"0,0,0,0",3.297,,,,0.8759999999999999
2021-08-31 03:24,4.304,0.043,v,"0,0,0,0",3.405,,,,0.8990000000000005
2021-08-31 03:30,4.423,0.03,v,"0,0,0,0",3.514,,,,0.9090000000000003
2021-08-31 03:36,4.524,0.03,v,"0,0,0,0",3.622,,,,0.9020000000000001
2021-08-31 03:42,4.633,0.043,v,"0,0,0,0",3.73,,,,0.903
2021-08-31 03:48,4.77,0.039,v,"0,0,0,0",3.839,,,,0.9309999999999996
2021-08-31 03:54,4.905,0.039,v,"0,0,0,0",3.947,,,,0.9580000000000002
2021-08-31 04:00,5.01,0.033,v,"0,0,0,0",4.054,,,,0.9559999999999995
2021-08-31 04:06,5.102,0.02,v,"0,0,0,0",4.161,,,,0.9410000000000007
2021-08-31 04:12,5.2,0.039,v,"0,0,0,0",4.267,,,,0.9329999999999998
2021-08-31 04:18,5.325,0.043,v,"0,0,0,0",4.372,,,,0.9530000000000003
2021-08-31 04:24,5.456,0.036,v,"0,0,0,0",4.475,,,,0.9810000000000008
2021-08-31 04:30,5.558,0.03,v,"0,0,0,0",4.578,,,,0.9799999999999995
2021-08-31 04:36,5.656,0.033,v,"0,0,0,0",4.679,,,,0.9769999999999994
2021-08-31 04:42,5.751,0.026,v,"0,0,0,0",4.778,,,,0.9730000000000008
2021-08-31 04:48,5.84,0.03,v,"0,0,0,0",4.874,,,,0.9660000000000002
2021-08-31 04:54,5.928,0.03,v,"0,0,0,0",4.968,,,,0.96
2021-08-31 05:00,6.027,0.033,v,"0,0,0,0",5.06,,,,0.9670000000000005
2021-08-31 05:06,6.129,0.023,v,"0,0,0,0",5.148,,,,0.9809999999999999
2021-08-31 05:12,6.194,0.016,v,"0,0,0,0",5.232,,,,0.9619999999999997
2021-08-31 05:18,6.23,0.007,v,"0,0,0,0",5.313,,,,0.9170000000000007
2021-08-31 05:24,6.27,0.016,v,"0,0,0,0",5.39,,,,0.8799999999999999
2021-08-31 05:30,6.355,0.039,v,"0,0,0,0",5.462,,,,0.8930000000000007
2021-08-31 05:36,6.434,0.02,v,"0,0,0,0",5.529,,,,0.9050000000000002
2021-08-31 05:42,6.493,0.016,v,"0,0,0,0",5.592,,,,0.9010000000000007
2021-08-31 05:48,6.519,0.013,v,"0,0,0,0",5.649,,,,0.8700000000000001
2021-08-31 05:54,6.558,0.013,v,"0,0,0,0",5.7,,,,0.8579999999999997
2021-08-31 06:00,6.608,0.026,v,"0,0,0,0",5.745,,,,0.8629999999999995
2021-08-31 06:06,6.663,0.013,v,"0,0,0,0",5.784,,,,0.8790000000000004
2021-08-31 06:12,6.686,0.007,v,"0,0,0,0",5.817,,,,0.8689999999999998
2021-08-31 06:18,6.69,0.01,v,"0,0,0,0",5.843,,,,0.8470000000000004
2021-08-31 06:24,6.673,0.013,v,"0,0,0,0",5.863,,,,0.8099999999999996
2021-08-31 06:30,6.676,0.013,v,"0,0,0,0",5.877,,,,0.7990000000000004
2021-08-31 06:36,6.69,0.01,v,"0,0,0,0",5.883,,,,0.8070000000000004
2021-08-31 06:42,6.68,0.007,v,"0,0,0,0",5.883,,,,0.7969999999999997
2021-08-31 06:48,6.657,0.016,v,"0,0,0,0",5.876,,,,0.7809999999999997
2021-08-31 06:54,6.627,0.013,v,"0,0,0,0",5.863,,,,0.7639999999999993
2021-08-31 07:00,6.588,0.016,v,"0,0,0,0",5.843,,,,0.7450000000000001
2021-08-31 07:06,6.549,0.026,v,"0,0,0,0",5.817,,,,0.7320000000000002
2021-08-31 07:12,6.47,0.03,v,"0,0,0,0",5.784,,,,0.6859999999999999
2021-08-31 07:18,6.434,0.02,v,"0,0,0,0",5.746,,,,0.6879999999999997
2021-08-31 07:24,6.391,0.016,v,"0,0,0,0",5.701,,,,0.6900000000000004
2021-08-31 07:30,6.325,0.02,v,"0,0,0,0",5.651,,,,0.6740000000000004
2021-08-31 07:36,6.24,0.036,v,"0,0,0,0",5.596,,,,0.6440000000000001
2021-08-31 07:42,6.148,0.03,v,"0,0,0,0",5.535,,,,0.6129999999999995
2021-08-31 07:48,6.079,0.02,v,"0,0,0,0",5.47,,,,0.609
2021-08-31 07:54,6.017,0.026,v,"0,0,0,0",5.4,,,,0.617
2021-08-31 08:00,5.942,0.023,v,"0,0,0,0",5.325,,,,0.617
2021-08-31 08:06,5.863,0.026,v,"0,0,0,0",5.247,,,,0.6160000000000005
2021-08-31 08:12,5.768,0.03,v,"0,0,0,0",5.165,,,,0.6029999999999998
2021-08-31 08:18,5.679,0.026,v,"0,0,0,0",5.079,,,,0.6000000000000005
2021-08-31 08:24,5.594,0.033,v,"0,0,0,0",4.991,,,,0.6030000000000006
2021-08-31 08:30,5.499,0.033,v,"0,0,0,0",4.899,,,,0.5999999999999996
2021-08-31 08:36,5.426,0.03,v,"0,0,0,0",4.806,,,,0.6200000000000001
2021-08-31 08:42,5.331,0.036,v,"0,0,0,0",4.71,,,,0.6210000000000004
2021-08-31 08:48,5.223,0.036,v,"0,0,0,0",4.612,,,,0.6109999999999998
2021-08-31 08:54,5.098,0.039,v,"0,0,0,0",4.513,,,,0.585
2021-08-31 09:00,4.984,0.033,v,"0,0,0,0",4.412,,,,0.5720000000000001
2021-08-31 09:06,4.895,0.03,v,"0,0,0,0",4.311,,,,0.5839999999999996
2021-08-31 09:12,4.816,0.023,v,"0,0,0,0",4.209,,,,0.6070000000000002
2021-08-31 09:18,4.708,0.043,v,"0,0,0,0",4.107,,,,0.601
2021-08-31 09:24,4.551,0.043,v,"0,0,0,0",4.004,,,,0.5470000000000006
2021-08-31 09:30,4.423,0.039,v,"0,0,0,0",3.902,,,,0.5209999999999999
2021-08-31 09:36,4.304,0.039,v,"0,0,0,0",3.799,,,,0.5050000000000003
2021-08-31 09:42,4.209,0.033,v,"0,0,0,0",3.698,,,,0.5109999999999997
2021-08-31 09:48,4.114,0.036,v,"0,0,0,0",3.597,,,,0.5169999999999999
2021-08-31 09:54,3.993,0.036,v,"0,0,0,0",3.497,,,,0.496
2021-08-31 10:00,3.878,0.039,v,"0,0,0,0",3.398,,,,0.48
2021-08-31 10:06,3.766,0.039,v,"0,0,0,0",3.3,,,,0.4660000000000002
2021-08-31 10:12,3.668,0.039,v,"0,0,0,0",3.204,,,,0.46399999999999997
2021-08-31 10:18,3.573,0.039,v,"0,0,0,0",3.109,,,,0.46399999999999997
2021-08-31 10:24,3.458,0.039,v,"0,0,0,0",3.016,,,,0.44200000000000017
2021-08-31 10:30,3.343,0.036,v,"0,0,0,0",2.925,,,,0.41800000000000015
2021-08-31 10:36,3.248,0.036,v,"0,0,0,0",2.835,,,,0.41300000000000026
2021-08-31 10:42,3.153,0.033,v,"0,0,0,0",2.748,,,,0.4049999999999998
2021-08-31 10:48,3.077,0.02,v,"0,0,0,0",2.663,,,,0.41400000000000015
2021-08-31 10:54,2.986,0.03,v,"0,0,0,0",2.581,,,,0.40500000000000025
2021-08-31 11:00,2.907,0.026,v,"0,0,0,0",2.501,,,,0.40600000000000014
2021-08-31 11:06,2.825,0.016,v,"0,0,0,0",2.423,,,,0.40200000000000014
2021-08-31 11:12,2.736,0.033,v,"0,0,0,0",2.349,,,,0.387
2021-08-31 11:18,2.664,0.023,v,"0,0,0,0",2.278,,,,0.3860000000000001
2021-08-31 11:24,2.615,0.01,v,"0,0,0,0",2.21,,,,0.40500000000000025
2021-08-31 11:30,2.559,0.03,v,"0,0,0,0",2.146,,,,0.41300000000000026
2021-08-31 11:36,2.526,0.016,v,"0,0,0,0",2.085,,,,0.44099999999999984
2021-08-31 11:42,2.474,0.016,v,"0,0,0,0",2.028,,,,0.4460000000000002
2021-08-31 11:48,2.434,0.013,v,"0,0,0,0",1.976,,,,0.4580000000000002
2021-08-31 11:54,2.392,0.023,v,"0,0,0,0",1.928,,,,0.46399999999999997
2021-08-31 12:00,2.333,0.016,v,"0,0,0,0",1.886,,,,0.4470000000000003
2021-08-31 12:06,2.303,0.026,v,"0,0,0,0",1.848,,,,0.45499999999999985
2021-08-31 12:12,2.297,0.02,v,"0,0,0,0",1.816,,,,0.4810000000000001
2021-08-31 12:18,2.29,0.013,v,"0,0,0,0",1.789,,,,0.5010000000000001
2021-08-31 12:24,2.287,0.02,v,"0,0,0,0",1.768,,,,0.5189999999999999
2021-08-31 12:30,2.264,0.013,v,"0,0,0,0",1.754,,,,0.5099999999999998
2021-08-31 12:36,2.238,0.026,v,"0,0,0,0",1.746,,,,0.492
2021-08-31 12:42,2.254,0.023,v,"0,0,0,0",1.744,,,,0.51
2021-08-31 12:48,2.264,0.026,v,"0,0,0,0",1.749,,,,0.5149999999999997
2021-08-31 12:54,2.277,0.023,v,"0,0,0,0",1.761,,,,0.5160000000000002
2021-08-31 13:00,2.293,0.026,v,"0,0,0,0",1.78,,,,0.5130000000000001
2021-08-31 13:06,2.283,0.026,v,"0,0,0,0",1.805,,,,0.478
2021-08-31 13:12,2.313,0.023,v,"0,0,0,0",1.838,,,,0.4750000000000001
2021-08-31 13:18,2.333,0.03,v,"0,0,0,0",1.877,,,,0.4560000000000002
2021-08-31 13:24,2.418,0.039,v,"0,0,0,0",1.923,,,,0.4950000000000001
2021-08-31 13:30,2.516,0.052,v,"0,0,0,0",1.976,,,,0.54
2021-08-31 13:36,2.605,0.026,v,"0,0,0,0",2.034,,,,0.5710000000000002
2021-08-31 13:42,2.648,0.026,v,"0,0,0,0",2.099,,,,0.5489999999999999
2021-08-31 13:48,2.703,0.033,v,"0,0,0,0",2.17,,,,0.5329999999999999
2021-08-31 13:54,2.746,0.036,v,"0,0,0,0",2.246,,,,0.5
2021-08-31 14:00,2.844,0.036,v,"0,0,0,0",2.327,,,,0.5169999999999999
2021-08-31 14:06,2.943,0.049,v,"0,0,0,0",2.413,,,,0.5300000000000002
2021-08-31 14:12,3.035,0.052,v,"0,0,0,0",2.504,,,,0.5310000000000001
2021-08-31 14:18,3.159,0.046,v,"0,0,0,0",2.598,,,,0.5609999999999999
2021-08-31 14:24,3.278,0.052,v,"0,0,0,0",2.696,,,,0.5819999999999999
2021-08-31 14:30,3.396,0.043,v,"0,0,0,0",2.796,,,,0.6000000000000001
2021-08-31 14:36,3.488,0.033,v,"0,0,0,0",2.9,,,,0.5880000000000001
2021-08-31 14:42,3.56,0.026,v,"0,0,0,0",3.006,,,,0.5540000000000003
2021-08-31 14:48,3.625,0.039,v,"0,0,0,0",3.113,,,,0.512
2021-08-31 14:54,3.727,0.049,v,"0,0,0,0",3.222,,,,0.5049999999999999
2021-08-31 15:00,3.904,0.056,v,"0,0,0,0",3.333,,,,0.5709999999999997
2021-08-31 15:06,4.055,0.052,v,"0,0,0,0",3.444,,,,0.6109999999999998
2021-08-31 15:12,4.236,0.043,v,"0,0,0,0",3.556,,,,0.6799999999999997
2021-08-31 15:18,4.344,0.033,v,"0,0,0,0",3.668,,,,0.6760000000000002
2021-08-31 15:24,4.436,0.036,v,"0,0,0,0",3.78,,,,0.6560000000000001
2021-08-31 15:30,4.524,0.036,v,"0,0,0,0",3.892,,,,0.6320000000000001
2021-08-31 15:36,4.639,0.046,v,"0,0,0,0",4.004,,,,0.6350000000000007
2021-08-31 15:42,4.731,0.036,v,"0,0,0,0",4.115,,,,0.6159999999999997
2021-08-31 15:48,4.843,0.039,v,"0,0,0,0",4.226,,,,0.617
2021-08-31 15:54,4.954,0.046,v,"0,0,0,0",4.336,,,,0.6179999999999994
2021-08-31 16:00,5.098,0.059,v,"0,0,0,0",4.445,,,,0.6529999999999996
2021-08-31 16:06,5.226,0.043,v,"0,0,0,0",4.554,,,,0.6719999999999997
2021-08-31 16:12,5.351,0.046,v,"0,0,0,0",4.661,,,,0.6900000000000004
2021-08-31 16:18,5.44,0.03,v,"0,0,0,0",4.767,,,,0.673
2021-08-31 16:24,5.512,0.026,v,"0,0,0,0",4.872,,,,0.6399999999999997
2021-08-31 16:30,5.594,0.039,v,"0,0,0,0",4.975,,,,0.6190000000000007
2021-08-31 16:36,5.715,0.046,v,"0,0,0,0",5.077,,,,0.6379999999999999
2021-08-31 16:42,5.83,0.043,v,"0,0,0,0",5.178,,,,0.6520000000000001
2021-08-31 16:48,5.968,0.049,v,"0,0,0,0",5.276,,,,0.6920000000000002
2021-08-31 16:54,6.099,0.052,v,"0,0,0,0",5.373,,,,0.726
2021-08-31 17:00,6.22,0.043,v,"0,0,0,0",5.467,,,,0.7530000000000001
2021-08-31 17:06,6.312,0.023,v,"0,0,0,0",5.559,,,,0.7530000000000001
2021-08-31 17:12,6.371,0.026,v,"0,0,0,0",5.648,,,,0.7230000000000008
2021-08-31 17:18,6.414,0.016,v,"0,0,0,0",5.734,,,,0.6799999999999997
2021-08-31 17:24,6.499,0.033,v,"0,0,0,0",5.817,,,,0.6819999999999995
2021-08-31 17:30,6.585,0.033,v,"0,0,0,0",5.897,,,,0.6879999999999997
2021-08-31 17:36,6.667,0.03,v,"0,0,0,0",5.973,,,,0.694
2021-08-31 17:42,6.755,0.023,v,"0,0,0,0",6.044,,,,0.7110000000000003
2021-08-31 17:48,6.818,0.026,v,"0,0,0,0",6.111,,,,0.7069999999999999
2021-08-31 17:54,6.857,0.02,v,"0,0,0,0",6.174,,,,0.6829999999999998
2021-08-31 18:00,6.903,0.01,v,"0,0,0,0",6.232,,,,0.6709999999999994
2021-08-31 18:06,6.949,0.016,v,"0,0,0,0",6.284,,,,0.665
2021-08-31 18:12,6.988,0.013,v,"0,0,0,0",6.331,,,,0.657
2021-08-31 18:18,7.034,0.023,v,"0,0,0,0",6.372,,,,0.6619999999999999
2021-08-31 18:24,7.06,0.023,v,"0,0,0,0",6.408,,,,0.6519999999999992
2021-08-31 18:30,7.1,0.02,v,"0,0,0,0",6.437,,,,0.6629999999999994
2021-08-31 18:36,7.123,0.013,v,"0,0,0,0",6.46,,,,0.6630000000000003
2021-08-31 18:42,7.139,0.016,v,"0,0,0,0",6.477,,,,0.6619999999999999
2021-08-31 18:48,7.142,0.016,v,"0,0,0,0",6.487,,,,0.6550000000000002
2021-08-31 18:54,7.139,0.01,v,"0,0,0,0",6.49,,,,0.649
2021-08-31 19:00,7.116,0.01,v,"0,0,0,0",6.487,,,,0.6289999999999996
2021-08-31 19:06,7.067,0.02,v,"0,0,0,0",6.478,,,,0.5890000000000004
2021-08-31 19:12,7.051,0.01,v,"0,0,0,0",6.462,,,,0.5890000000000004
2021-08-31 19:18,7.044,0.01,v,"0,0,0,0",6.439,,,,0.6049999999999995
2021-08-31 19:24,7.014,0.016,v,"0,0,0,0",6.41,,,,0.6040000000000001
2021-08-31 19:30,6.972,0.016,v,"0,0,0,0",6.375,,,,0.5970000000000004
2021-08-31 19:36,6.916,0.026,v,"0,0,0,0",6.333,,,,0.5830000000000002
2021-08-31 19:42,6.831,0.02,v,"0,0,0,0",6.286,,,,0.5450000000000008
2021-08-31 19:48,6.765,0.026,v,"0,0,0,0",6.233,,,,0.532
2021-08-31 19:54,6.686,0.02,v,"0,0,0,0",6.174,,,,0.5119999999999996
2021-08-31 20:00,6.627,0.03,v,"0,0,0,0",6.11,,,,0.5169999999999995
2021-08-31 20:06,6.558,0.02,v,"0,0,0,0",6.041,,,,0.5169999999999995
2021-08-31 20:12,6.476,0.033,v,"0,0,0,0",5.967,,,,0.5090000000000003
2021-08-31 20:18,6.394,0.023,v,"0,0,0,0",5.888,,,,0.5060000000000002
2021-08-31 20:24,6.316,0.03,v,"0,0,0,0",5.805,,,,0.5110000000000001
2021-08-31 20:30,6.234,0.03,v,"0,0,0,0",5.718,,,,0.516
2021-08-31 20:36,6.122,0.036,v,"0,0,0,0",5.627,,,,0.4950000000000001
2021-08-31 20:42,6.001,0.036,v,"0,0,0,0",5.532,,,,0.4690000000000003
2021-08-31 20:48,5.883,0.039,v,"0,0,0,0",5.435,,,,0.4480000000000004
2021-08-31 20:54,5.784,0.033,v,"0,0,0,0",5.334,,,,0.4500000000000002
2021-08-31 21:00,5.692,0.026,v,"0,0,0,0",5.231,,,,0.4610000000000003
2021-08-31 21:06,5.61,0.03,v,"0,0,0,0",5.125,,,,0.4850000000000003
2021-08-31 21:12,5.512,0.039,v,"0,0,0,0",5.018,,,,0.4939999999999998
2021-08-31 21:18,5.39,0.036,v,"0,0,0,0",4.908,,,,0.4819999999999993
2021-08-31 21:24,5.259,0.043,v,"0,0,0,0",4.797,,,,0.46200000000000063
2021-08-31 21:30,5.151,0.033,v,"0,0,0,0",4.685,,,,0.4660000000000002
2021-08-31 21:36,5.023,0.043,v,"0,0,0,0",4.571,,,,0.45199999999999996
2021-08-31 21:42,4.908,0.043,v,"0,0,0,0",4.457,,,,0.4510000000000005
2021-08-31 21:48,4.783,0.043,v,"0,0,0,0",4.342,,,,0.4410000000000007
2021-08-31 21:54,4.656,0.052,v,"0,0,0,0",4.227,,,,0.4289999999999994
2021-08-31 22:00,4.524,0.033,v,"0,0,0,0",4.112,,,,0.4119999999999999
2021-08-31 22:06,4.409,0.046,v,"0,0,0,0",3.996,,,,0.4129999999999998
2021-08-31 22:12,4.301,0.039,v,"0,0,0,0",3.881,,,,0.4200000000000004
2021-08-31 22:18,4.17,0.033,v,"0,0,0,0",3.766,,,,0.4039999999999999
2021-08-31 22:24,4.042,0.046,v,"0,0,0,0",3.652,,,,0.3899999999999997
2021-08-31 22:30,3.907,0.033,v,"0,0,0,0",3.538,,,,0.3690000000000002
2021-08-31 22:36,3.783,0.033,v,"0,0,0,0",3.425,,,,0.3580000000000001
2021-08-31 22:42,3.694,0.036,v,"0,0,0,0",3.312,,,,0.3820000000000001
2021-08-31 22:48,3.606,0.026,v,"0,0,0,0",3.201,,,,0.4049999999999998
2021-08-31 22:54,3.491,0.039,v,"0,0,0,0",3.091,,,,0.3999999999999999
2021-08-31 23:00,3.386,0.036,v,"0,0,0,0",2.983,,,,0.403
2021-08-31 23:06,3.268,0.033,v,"0,0,0,0",2.875,,,,0.3929999999999998
2021-08-31 23:12,3.156,0.033,v,"0,0,0,0",2.77,,,,0.3860000000000001
2021-08-31 23:18,3.061,0.03,v,"0,0,0,0",2.666,,,,0.395
2021-08-31 23:24,2.966,0.026,v,"0,0,0,0",2.564,,,,0.40200000000000014
2021-08-31 23:30,2.864,0.036,v,"0,0,0,0",2.464,,,,0.3999999999999999
2021-08-31 23:36,2.772,0.026,v,"0,0,0,0",2.366,,,,0.4059999999999997
2021-08-31 23:42,2.687,0.03,v,"0,0,0,0",2.271,,,,0.4159999999999999
2021-08-31 23:48,2.631,0.02,v,"0,0,0,0",2.178,,,,0.45299999999999985
2021-08-31 23:54,2.559,0.02,v,"0,0,0,0",2.088,,,,0.4710000000000001
2021-09-01 00:00,2.457,0.039,v,"0,0,0,0",2.002,,,,0.45500000000000007
2021-09-01 00:06,2.352,0.026,v,"0,0,0,0",1.919,,,,0.43299999999999983
2021-09-01 00:12,2.26,0.03,v,"0,0,0,0",1.84,,,,0.4199999999999997
2021-09-01 00:18,2.198,0.023,v,"0,0,0,0",1.765,,,,0.43300000000000005
2021-09-01 00:24,2.142,0.013,v,"0,0,0,0",1.695,,,,0.44699999999999984
2021-09-01 00:30,2.103,0.016,v,"0,0,0,0",1.629,,,,0.4740000000000002
2021-09-01 00:36,2.067,0.003,v,"0,0,0,0",1.568,,,,0.4990000000000001
2021-09-01 00:42,2.051,0.007,v,"0,0,0,0",1.513,,,,0.5380000000000003
2021-09-01 00:48,2.021,0.013,v,"0,0,0,0",1.463,,,,0.5579999999999998
2021-09-01 00:54,1.972,0.016,v,"0,0,0,0",1.419,,,,0.5529999999999999
2021-09-01 01:00,1.923,0.016,v,"0,0,0,0",1.382,,,,0.5410000000000001
2021-09-01 01:06,1.89,0.003,v,"0,0,0,0",1.351,,,,0.5389999999999999
2021-09-01 01:12,1.896,0.003,v,"0,0,0,0",1.326,,,,0.5699999999999998
2021-09-01 01:18,1.939,0.016,v,"0,0,0,0",1.309,,,,0.6300000000000001
2021-09-01 01:24,1.949,0.003,v,"0,0,0,0",1.298,,,,0.651
2021-09-01 01:30,1.942,0.013,v,"0,0,0,0",1.295,,,,0.647
2021-09-01 01:36,1.916,0.003,v,"0,0,0,0",1.299,,,,0.617
2021-09-01 01:42,1.929,0.01,v,"0,0,0,0",1.31,,,,0.619
2021-09-01 01:48,1.975,0.016,v,"0,0,0,0",1.328,,,,0.647
2021-09-01 01:54,2.008,0.007,v,"0,0,0,0",1.353,,,,0.655
2021-09-01 02:00,2.034,0.01,v,"0,0,0,0",1.384,,,,0.6499999999999999
2021-09-01 02:06,2.064,0.016,v,"0,0,0,0",1.423,,,,0.641
2021-09-01 02:12,2.136,0.023,v,"0,0,0,0",1.468,,,,0.6680000000000001
2021-09-01 02:18,2.234,0.033,v,"0,0,0,0",1.519,,,,0.7150000000000001
2021-09-01 02:24,2.31,0.016,v,"0,0,0,0",1.576,,,,0.734
2021-09-01 02:30,2.375,0.016,v,"0,0,0,0",1.639,,,,0.736
2021-09-01 02:36,2.411,0.01,v,"0,0,0,0",1.707,,,,0.704
2021-09-01 02:42,2.467,0.02,v,"0,0,0,0",1.779,,,,0.6880000000000002
2021-09-01 02:48,2.556,0.039,v,"0,0,0,0",1.857,,,,0.6990000000000001
2021-09-01 02:54,2.69,0.039,v,"0,0,0,0",1.938,,,,0.752
2021-09-01 03:00,2.815,0.033,v,"0,0,0,0",2.023,,,,0.7919999999999998
2021-09-01 03:06,2.9,0.026,v,"0,0,0,0",2.112,,,,0.7879999999999998
2021-09-01 03:12,2.976,0.02,v,"0,0,0,0",2.203,,,,0.7730000000000001
2021-09-01 03:18,3.058,0.033,v,"0,0,0,0",2.298,,,,0.7599999999999998
2021-09-01 03:24,3.179,0.046,v,"0,0,0,0",2.395,,,,0.7839999999999998
2021-09-01 03:30,3.304,0.026,v,"0,0,0,0",2.494,,,,0.8099999999999996
2021-09-01 03:36,3.402,0.033,v,"0,0,0,0",2.594,,,,0.8080000000000003
2021-09-01 03:42,3.514,0.039,v,"0,0,0,0",2.697,,,,0.8169999999999997
2021-09-01 03:48,3.645,0.039,v,"0,0,0,0",2.8,,,,0.8450000000000002
2021-09-01 03:54,3.789,0.043,v,"0,0,0,0",2.905,,,,0.8840000000000003
2021-09-01 04:00,3.911,0.036,v,"0,0,0,0",3.011,,,,0.8999999999999999
2021-09-01 04:06,4.009,0.026,v,"0,0,0,0",3.118,,,,0.8910000000000005
2021-09-01 04:12,4.104,0.026,v,"0,0,0,0",3.225,,,,0.879
2021-09-01 04:18,4.209,0.043,v,"0,0,0,0",3.334,,,,0.8749999999999996
2021-09-01 04:24,4.35,0.043,v,"0,0,0,0",3.442,,,,0.9079999999999995
2021-09-01 04:30,4.495,0.039,v,"0,0,0,0",3.551,,,,0.944
2021-09-01 04:36,4.619,0.036,v,"0,0,0,0",3.66,,,,0.9589999999999996
2021-09-01 04:42,4.721,0.03,v,"0,0,0,0",3.769,,,,0.952
2021-09-01 04:48,4.806,0.023,v,"0,0,0,0",3.878,,,,0.9279999999999999
2021-09-01 04:54,4.915,0.049,v,"0,0,0,0",3.987,,,,0.9279999999999999
2021-09-01 05:00,5.059,0.039,v,"0,0,0,0",4.096,,,,0.9630000000000001
2021-09-01 05:06,5.203,0.043,v,"0,0,0,0",4.204,,,,0.9990000000000006
2021-09-01 05:12,5.299,0.023,v,"0,0,0,0",4.312,,,,0.9870000000000001
2021-09-01 05:18,5.397,0.026,v,"0,0,0,0",4.418,,,,0.9790000000000001
2021-09-01 05:24,5.492,0.03,v,"0,0,0,0",4.524,,,,0.968
2021-09-01 05:30,5.545,0.01,v,"0,0,0,0",4.628,,,,0.9169999999999998
2021-09-01 05:36,5.62,0.039,v,"0,0,0,0",4.73,,,,0.8899999999999997
2021-09-01 05:42,5.784,0.059,v,"0,0,0,0",4.83,,,,0.9539999999999997
2021-09-01 05:48,5.971,0.056,v,"0,0,0,0",4.928,,,,1.0430000000000001
2021-09-01 05:54,6.112,0.033,v,"0,0,0,0",5.023,,,,1.0890000000000004
2021-09-01 06:00,6.115,0.02,v,"0,0,0,0",5.116,,,,0.9990000000000006
2021-09-01 06:06,6.07,0.013,v,"0,0,0,0",5.204,,,,0.8660000000000005
2021-09-01 06:12,6.102,0.039,v,"0,0,0,0",5.289,,,,0.8130000000000006
2021-09-01 06:18,6.227,0.049,v,"0,0,0,0",5.37,,,,0.8570000000000002
2021-09-01 06:24,6.378,0.043,v,"0,0,0,0",5.447,,,,0.931
2021-09-01 06:30,6.46,0.026,v,"0,0,0,0",5.519,,,,0.9409999999999998
2021-09-01 06:36,6.473,0.03,v,"0,0,0,0",5.586,,,,0.8869999999999996
2021-09-01 06:42,6.486,0.023,v,"0,0,0,0",5.647,,,,0.8389999999999995
2021-09-01 06:48,6.545,0.03,v,"0,0,0,0",5.703,,,,0.8419999999999996
2021-09-01 06:54,6.65,0.02,v,"0,0,0,0",5.753,,,,0.8970000000000002
2021-09-01 07:00,6.713,0.026,v,"0,0,0,0",5.797,,,,0.9160000000000004
2021-09-01 07:06,6.673,0.023,v,"0,0,0,0",5.835,,,,0.8380000000000001
2021-09-01 07:12,6.667,0.02,v,"0,0,0,0",5.866,,,,0.8010000000000002
2021-09-01 07:18,6.683,0.026,v,"0,0,0,0",5.891,,,,0.7919999999999998
2021-09-01 07:24,6.729,0.013,v,"0,0,0,0",5.909,,,,0.8200000000000003
2021-09-01 07:30,6.732,0.016,v,"0,0,0,0",5.921,,,,0.8109999999999999
2021-09-01 07:36,6.742,0.01,v,"0,0,0,0",5.925,,,,0.8170000000000002
2021-09-01 07:42,6.739,0.023,v,"0,0,0,0",5.923,,,,0.8159999999999998
2021-09-01 07:48,6.68,0.016,v,"0,0,0,0",5.915,,,,0.7649999999999997
2021-09-01 07:54,6.634,0.013,v,"0,0,0,0",5.9,,,,0.734
2021-09-01 08:00,6.637,0.023,v,"0,0,0,0",5.878,,,,0.7589999999999995
2021-09-01 08:06,6.568,0.02,v,"0,0,0,0",5.85,,,,0.718
2021-09-01 08:12,6.486,0.036,v,"0,0,0,0",5.816,,,,0.6699999999999999
2021-09-01 08:18,6.43,0.016,v,"0,0,0,0",5.776,,,,0.6539999999999999
2021-09-01 08:24,6.407,0.016,v,"0,0,0,0",5.73,,,,0.6769999999999996
2021-09-01 08:30,6.391,0.01,v,"0,0,0,0",5.679,,,,0.7119999999999997
2021-09-01 08:36,6.358,0.02,v,"0,0,0,0",5.622,,,,0.7359999999999998
2021-09-01 08:42,6.243,0.036,v,"0,0,0,0",5.56,,,,0.6830000000000007
2021-09-01 08:48,6.102,0.039,v,"0,0,0,0",5.494,,,,0.6080000000000005
2021-09-01 08:54,5.994,0.043,v,"0,0,0,0",5.423,,,,0.5709999999999997
2021-09-01 09:00,5.919,0.013,v,"0,0,0,0",5.347,,,,0.5719999999999992
2021-09-01 09:06,5.86,0.03,v,"0,0,0,0",5.268,,,,0.5920000000000005
2021-09-01 09:12,5.771,0.036,v,"0,0,0,0",5.185,,,,0.5860000000000003
2021-09-01 09:18,5.63,0.036,v,"0,0,0,0",5.099,,,,0.5309999999999997
2021-09-01 09:24,5.522,0.033,v,"0,0,0,0",5.009,,,,0.5129999999999999
2021-09-01 09:30,5.479,0.016,v,"0,0,0,0",4.917,,,,0.5620000000000003
2021-09-01 09:36,5.436,0.023,v,"0,0,0,0",4.823,,,,0.6129999999999995
2021-09-01 09:42,5.335,0.046,v,"0,0,0,0",4.726,,,,0.609
2021-09-01 09:48,5.223,0.043,v,"0,0,0,0",4.627,,,,0.5960000000000001
2021-09-01 09:54,5.082,0.036,v,"0,0,0,0",4.527,,,,0.5549999999999997
2021-09-01 10:00,4.993,0.023,v,"0,0,0,0",4.425,,,,0.5680000000000005
2021-09-01 10:06,4.915,0.03,v,"0,0,0,0",4.323,,,,0.5919999999999996
2021-09-01 10:12,4.793,0.046,v,"0,0,0,0",4.22,,,,0.5730000000000004
2021-09-01 10:18,4.629,0.059,v,"0,0,0,0",4.116,,,,0.5129999999999999
2021-09-01 10:24,4.462,0.046,v,"0,0,0,0",4.012,,,,0.4500000000000002
2021-09-01 10:30,4.367,0.02,v,"0,0,0,0",3.907,,,,0.45999999999999996
2021-09-01 10:36,4.318,0.01,v,"0,0,0,0",3.803,,,,0.5149999999999997
2021-09-01 10:42,4.232,0.043,v,"0,0,0,0",3.699,,,,0.5330000000000004
2021-09-01 10:48,4.078,0.046,v,"0,0,0,0",3.596,,,,0.4820000000000002
2021-09-01 10:54,3.947,0.039,v,"0,0,0,0",3.494,,,,0.45299999999999985
2021-09-01 11:00,3.842,0.02,v,"0,0,0,0",3.392,,,,0.4500000000000002
2021-09-01 11:06,3.763,0.039,v,"0,0,0,0",3.292,,,,0.4710000000000001
2021-09-01 11:12,3.691,0.033,v,"0,0,0,0",3.192,,,,0.49899999999999967
2021-09-01 11:18,3.57,0.043,v,"0,0,0,0",3.094,,,,0.476
2021-09-01 11:24,3.448,0.043,v,"0,0,0,0",2.998,,,,0.44999999999999973
2021-09-01 11:30,3.373,0.02,v,"0,0,0,0",2.903,,,,0.4700000000000002
2021-09-01 11:36,3.317,0.026,v,"0,0,0,0",2.81,,,,0.5070000000000001
2021-09-01 11:42,3.212,0.033,v,"0,0,0,0",2.72,,,,0.492
2021-09-01 11:48,3.117,0.023,v,"0,0,0,0",2.631,,,,0.4860000000000002
2021-09-01 11:54,3.041,0.03,v,"0,0,0,0",2.545,,,,0.496
2021-09-01 12:00,2.963,0.03,v,"0,0,0,0",2.461,,,,0.5020000000000002
2021-09-01 12:06,2.858,0.026,v,"0,0,0,0",2.38,,,,0.4780000000000002
2021-09-01 12:12,2.792,0.046,v,"0,0,0,0",2.303,,,,0.4889999999999999
2021-09-01 12:18,2.697,0.02,v,"0,0,0,0",2.228,,,,0.46899999999999986
2021-09-01 12:24,2.621,0.023,v,"0,0,0,0",2.158,,,,0.4630000000000001
2021-09-01 12:30,2.579,0.01,v,"0,0,0,0",2.091,,,,0.488
2021-09-01 12:36,2.543,0.016,v,"0,0,0,0",2.028,,,,0.5150000000000001
2021-09-01 12:42,2.539,0.023,v,"0,0,0,0",1.97,,,,0.5690000000000002
2021-09-01 12:48,2.477,0.033,v,"0,0,0,0",1.916,,,,0.5609999999999999
2021-09-01 12:54,2.418,0.02,v,"0,0,0,0",1.868,,,,0.55
2021-09-01 13:00,2.369,0.02,v,"0,0,0,0",1.824,,,,0.5450000000000002
2021-09-01 13:06,2.333,0.016,v,"0,0,0,0",1.787,,,,0.5460000000000003
2021-09-01 13:12,2.356,0.026,v,"0,0,0,0",1.755,,,,0.601
2021-09-01 13:18,2.395,0.013,v,"0,0,0,0",1.73,,,,0.665
2021-09-01 13:24,2.418,0.02,v,"0,0,0,0",1.711,,,,0.7070000000000001
2021-09-01 13:30,2.448,0.01,v,"0,0,0,0",1.698,,,,0.75
2021-09-01 13:36,2.398,0.036,v,"0,0,0,0",1.693,,,,0.7050000000000001
2021-09-01 13:42,2.375,0.016,v,"0,0,0,0",1.694,,,,0.681
2021-09-01 13:48,2.375,0.033,v,"0,0,0,0",1.702,,,,0.673
2021-09-01 13:54,2.438,0.02,v,"0,0,0,0",1.718,,,,0.7200000000000002
2021-09-01 14:00,2.539,0.036,v,"0,0,0,0",1.74,,,,0.7990000000000002
2021-09-01 14:06,2.559,0.016,v,"0,0,0,0",1.77,,,,0.7890000000000001
2021-09-01 14:12,2.546,0.013,v,"0,0,0,0",1.806,,,,0.7399999999999998
2021-09-01 14:18,2.635,0.039,v,"0,0,0,0",1.85,,,,0.7849999999999997
2021-09-01 14:24,2.769,0.039,v,"0,0,0,0",1.9,,,,0.8690000000000002
2021-09-01 14:30,2.946,0.052,v,"0,0,0,0",1.957,,,,0.9890000000000001
2021-09-01 14:36,3.012,0.016,v,"0,0,0,0",2.02,,,,0.992
2021-09-01 14:42,2.995,0.023,v,"0,0,0,0",2.088,,,,0.907
2021-09-01 14:48,2.982,0.03,v,"0,0,0,0",2.163,,,,0.8190000000000004
2021-09-01 14:54,3.133,0.046,v,"0,0,0,0",2.242,,,,0.891
2021-09-01 15:00,3.268,0.062,v,"0,0,0,0",2.327,,,,0.9409999999999998
2021-09-01 15:06,3.448,0.03,v,"0,0,0,0",2.416,,,,1.032
2021-09-01 15:12,3.478,0.039,v,"0,0,0,0",2.509,,,,0.9690000000000003
2021-09-01 15:18,3.51,0.026,v,"0,0,0,0",2.605,,,,0.9049999999999998
2021-09-01 15:24,3.642,0.066,v,"0,0,0,0",2.705,,,,0.9369999999999998
2021-09-01 15:30,3.776,0.056,v,"0,0,0,0",2.807,,,,0.9689999999999999
2021-09-01 15:36,3.914,0.043,v,"0,0,0,0",2.912,,,,1.0020000000000002
2021-09-01 15:42,4.042,0.02,v,"0,0,0,0",3.019,,,,1.0229999999999997
2021-09-01 15:48,4.091,0.046,v,"0,0,0,0",3.128,,,,0.9630000000000001
2021-09-01 15:54,4.196,0.016,v,"0,0,0,0",3.238,,,,0.9579999999999997
2021-09-01 16:00,4.364,0.089,v,"0,0,0,0",3.349,,,,1.0149999999999997
2021-09-01 16:06,4.495,0.03,v,"0,0,0,0",3.461,,,,1.0340000000000003
2021-09-01 16:12,4.583,0.02,v,"0,0,0,0",3.574,,,,1.0090000000000003
2021-09-01 16:18,4.675,0.059,v,"0,0,0,0",3.687,,,,0.988
2021-09-01 16:24,4.813,0.066,v,"0,0,0,0",3.8,,,,1.013
2021-09-01 16:30,4.911,0.026,v,"0,0,0,0",3.913,,,,0.9979999999999998
2021-09-01 16:36,5.016,0.039,v,"0,0,0,0",4.026,,,,0.9900000000000002
2021-09-01 16:42,5.171,0.072,v,"0,0,0,0",4.139,,,,1.032
2021-09-01 16:48,5.308,0.026,v,"0,0,0,0",4.251,,,,1.0569999999999995
2021-09-01 16:54,5.476,0.052,v,"0,0,0,0",4.363,,,,1.1129999999999995
2021-09-01 17:00,5.558,0.043,v,"0,0,0,0",4.474,,,,1.0839999999999996
2021-09-01 17:06,5.679,0.026,v,"0,0,0,0",4.584,,,,1.0950000000000006
2021-09-01 17:12,5.81,0.066,v,"0,0,0,0",4.694,,,,1.1159999999999997
2021-09-01 17:18,5.951,0.036,v,"0,0,0,0",4.803,,,,1.1479999999999997
2021-09-01 17:24,6.115,0.056,v,"0,0,0,0",4.91,,,,1.205
2021-09-01 17:30,6.227,0.046,v,"0,0,0,0",5.017,,,,1.21
2021-09-01 17:36,6.335,0.043,v,"0,0,0,0",5.122,,,,1.213
2021-09-01 17:42,6.407,0.02,v,"0,0,0,0",5.225,,,,1.1820000000000004
2021-09-01 17:48,6.463,0.033,v,"0,0,0,0",5.327,,,,1.1360000000000001
2021-09-01 17:54,6.601,0.052,v,"0,0,0,0",5.426,,,,1.1749999999999998
2021-09-01 18:00,6.785,0.043,v,"0,0,0,0",5.523,,,,1.2620000000000005
2021-09-01 18:06,6.886,0.046,v,"0,0,0,0",5.618,,,,1.2679999999999998
2021-09-01 18:12,6.926,0.026,v,"0,0,0,0",5.71,,,,1.2160000000000002
2021-09-01 18:18,7.001,0.056,v,"0,0,0,0",5.798,,,,1.2030000000000003
2021-09-01 18:24,7.11,0.049,v,"0,0,0,0",5.883,,,,1.2270000000000003
2021-09-01 18:30,7.234,0.033,v,"0,0,0,0",5.965,,,,1.2690000000000001
2021-09-01 18:36,7.224,0.033,v,"0,0,0,0",6.042,,,,1.1820000000000004
2021-09-01 18:42,7.218,0.036,v,"0,0,0,0",6.115,,,,1.1029999999999998
2021-09-01 18:48,7.26,0.049,v,"0,0,0,0",6.183,,,,1.077
2021-09-01 18:54,7.408,0.026,v,"0,0,0,0",6.247,,,,1.1610000000000005
2021-09-01 19:00,7.513,0.069,v,"0,0,0,0",6.305,,,,1.2080000000000002
2021-09-01 19:06,7.589,0.03,v,"0,0,0,0",6.357,,,,1.2320000000000002
2021-09-01 19:12,7.612,0.02,v,"0,0,0,0",6.404,,,,1.2080000000000002
2021-09-01 19:18,7.575,0.013,v,"0,0,0,0",6.444,,,,1.1310000000000002
2021-09-01 19:24,7.572,0.02,v,"0,0,0,0",6.479,,,,1.093
2021-09-01 19:30,7.638,0.049,v,"0,0,0,0",6.507,,,,1.1310000000000002
2021-09-01 19:36,7.713,0.026,v,"0,0,0,0",6.528,,,,1.1850000000000005
2021-09-01 19:42,7.762,0.026,v,"0,0,0,0",6.543,,,,1.2189999999999994
2021-09-01 19:48,7.828,0.016,v,"0,0,0,0",6.551,,,,1.2770000000000001
2021-09-01 19:54,7.789,0.026,v,"0,0,0,0",6.552,,,,1.237
2021-09-01 20:00,7.69,0.056,v,"0,0,0,0",6.547,,,,1.1430000000000007
2021-09-01 20:06,7.667,0.026,v,"0,0,0,0",6.535,,,,1.1319999999999997
2021-09-01 20:12,7.713,0.036,v,"0,0,0,0",6.516,,,,1.197
2021-09-01 20:18,7.687,0.016,v,"0,0,0,0",6.491,,,,1.1960000000000006
2021-09-01 20:24,7.657,0.026,v,"0,0,0,0",6.459,,,,1.1980000000000004
2021-09-01 20:30,7.605,0.023,v,"0,0,0,0",6.42,,,,1.1850000000000005
2021-09-01 20:36,7.621,0.02,v,"0,0,0,0",6.376,,,,1.245
2021-09-01 20:42,7.526,0.033,v,"0,0,0,0",6.325,,,,1.2009999999999996
2021-09-01 20:48,7.448,0.023,v,"0,0,0,0",6.269,,,,1.1790000000000003
2021-09-01 20:54,7.405,0.046,v,"0,0,0,0",6.207,,,,1.1980000000000004
2021-09-01 21:00,7.27,0.026,v,"0,0,0,0",6.14,,,,1.13
2021-09-01 21:06,7.175,0.056,v,"0,0,0,0",6.067,,,,1.1079999999999997
2021-09-01 21:12,7.09,0.033,v,"0,0,0,0",5.989,,,,1.101
2021-09-01 21:18,7.034,0.023,v,"0,0,0,0",5.907,,,,1.1269999999999998
2021-09-01 21:24,7.047,0.026,v,"0,0,0,0",5.821,,,,1.226
2021-09-01 21:30,6.995,0.046,v,"0,0,0,0",5.73,,,,1.2649999999999997
2021-09-01 21:36,6.831,0.072,v,"0,0,0,0",5.635,,,,1.1960000000000006
2021-09-01 21:42,6.709,0.03,v,"0,0,0,0",5.537,,,,1.1719999999999997
2021-09-01 21:48,6.696,0.039,v,"0,0,0,0",5.436,,,,1.2599999999999998
2021-09-01 21:54,6.798,0.026,v,"0,0,0,0",5.331,,,,1.4669999999999996
2021-09-01 22:00,6.765,0.046,v,"0,0,0,0",5.224,,,,1.5409999999999995
2021-09-01 22:06,6.539,0.095,v,"0,0,0,0",5.114,,,,1.4249999999999998
2021-09-01 22:12,6.381,0.039,v,"0,0,0,0",5.003,,,,1.3780000000000001
2021-09-01 22:18,6.283,0.043,v,"0,0,0,0",4.889,,,,1.3940000000000001
2021-09-01 22:24,6.161,0.052,v,"0,0,0,0",4.773,,,,1.388
2021-09-01 22:30,5.978,0.039,v,"0,0,0,0",4.657,,,,1.3209999999999997
2021-09-01 22:36,5.988,0.043,v,"0,0,0,0",4.539,,,,1.4490000000000007
2021-09-01 22:42,5.909,0.023,v,"0,0,0,0",4.42,,,,1.4889999999999999
2021-09-01 22:48,5.804,0.072,v,"0,0,0,0",4.3,,,,1.5040000000000004
2021-09-01 22:54,5.659,0.052,v,"0,0,0,0",4.179,,,,1.4799999999999995
2021-09-01 23:00,5.686,0.033,v,"0,0,0,0",4.059,,,,1.6269999999999998
2021-09-01 23:06,5.666,0.046,v,"0,0,0,0",3.938,,,,1.7280000000000002
2021-09-01 23:12,5.699,0.089,v,"0,0,0,0",3.817,,,,1.8819999999999997
2021-09-01 23:18,5.597,0.066,v,"0,0,0,0",3.697,,,,1.9000000000000004
2021-09-01 23:24,5.981,0.151,v,"0,0,0,0",3.577,,,,2.404
2021-09-01 23:30,5.761,0.276,v,"0,0,1,0",3.457,,,,2.3040000000000003
2021-09-01 23:36,4.774,0.351,v,"0,0,0,0",3.338,,,,1.436
2021-09-01 23:42,3.99,0.102,v,"0,0,1,0",3.22,,,,0.77
2021-09-01 23:48,4.026,0.18,v,"0,0,0,0",3.103,,,,0.9229999999999996
2021-09-01 23:54,4.672,0.226,v,"0,0,0,0",2.987,,,,1.6849999999999996
2021-09-02 00:00,5.089,0.036,v,"0,0,1,0",2.872,,,,2.2170000000000005
2021-09-02 00:06,4.839,0.144,v,"0,0,0,0",2.759,,,,2.0800000000000005
2021-09-02 00:12,4.649,0.043,v,"0,0,0,0",2.647,,,,2.0020000000000002
2021-09-02 00:18,4.337,0.075,v,"0,0,0,0",2.538,,,,1.799
2021-09-02 00:24,3.94,0.207,v,"0,0,0,0",2.43,,,,1.5099999999999998
2021-09-02 00:30,3.747,0.052,v,"0,0,0,0",2.325,,,,1.4219999999999997
2021-09-02 00:36,4.108,0.125,v,"0,0,0,0",2.222,,,,1.8859999999999997
2021-09-02 00:42,4.442,0.056,v,"0,0,0,0",2.123,,,,2.319
2021-09-02 00:48,4.058,0.125,v,"0,0,0,0",2.026,,,,2.032
2021-09-02 00:54,3.701,0.131,v,"0,0,0,0",1.933,,,,1.768
2021-09-02 01:00,3.573,0.03,v,"0,0,0,0",1.844,,,,1.7289999999999999
2021-09-02 01:06,3.625,0.062,v,"0,0,0,0",1.759,,,,1.866
2021-09-02 01:12,3.675,0.033,v,"0,0,0,0",1.678,,,,1.9969999999999999
2021-09-02 01:18,3.881,0.069,v,"0,0,0,0",1.602,,,,2.279
2021-09-02 01:24,3.822,0.059,v,"0,0,0,0",1.531,,,,2.2910000000000004
2021-09-02 01:30,3.52,0.148,v,"0,0,0,0",1.465,,,,2.0549999999999997
2021-09-02 01:36,3.097,0.105,v,"0,0,0,0",1.406,,,,1.691
2021-09-02 01:42,3.107,0.082,v,"0,0,0,0",1.352,,,,1.7550000000000001
2021-09-02 01:48,3.35,0.092,v,"0,0,0,0",1.305,,,,2.045
2021-09-02 01:54,3.612,0.043,v,"0,0,0,0",1.264,,,,2.348
2021-09-02 02:00,3.638,0.03,v,"0,0,0,0",1.231,,,,2.407
2021-09-02 02:06,3.478,0.069,v,"0,0,0,0",1.204,,,,2.274
2021-09-02 02:12,3.235,0.115,v,"0,0,0,0",1.185,,,,2.05
2021-09-02 02:18,3.081,0.056,v,"0,0,0,0",1.173,,,,1.908
2021-09-02 02:24,3.15,0.046,v,"0,0,0,0",1.169,,,,1.9809999999999999
2021-09-02 02:30,3.448,0.098,v,"0,0,0,0",1.172,,,,2.276
2021-09-02 02:36,3.415,0.059,v,"0,0,0,0",1.183,,,,2.232
2021-09-02 02:42,3.287,0.066,v,"0,0,0,0",1.201,,,,2.086
2021-09-02 02:48,3.163,0.03,v,"0,0,0,0",1.227,,,,1.9359999999999997
2021-09-02 02:54,3.202,0.079,v,"0,0,0,0",1.259,,,,1.943
2021-09-02 03:00,3.379,0.033,v,"0,0,0,0",1.299,,,,2.08
2021-09-02 03:06,3.684,0.112,v,"0,0,0,0",1.345,,,,2.3390000000000004
2021-09-02 03:12,3.76,0.043,v,"0,0,0,0",1.398,,,,2.362
2021-09-02 03:18,3.75,0.049,v,"0,0,0,0",1.457,,,,2.293
2021-09-02 03:24,3.747,0.059,v,"0,0,0,0",1.522,,,,2.2249999999999996
2021-09-02 03:30,3.878,0.056,v,"0,0,0,0",1.592,,,,2.286
2021-09-02 03:36,3.97,0.023,v,"0,0,0,0",1.667,,,,2.303
2021-09-02 03:42,4.085,0.056,v,"0,0,0,0",1.747,,,,2.338
2021-09-02 03:48,4.117,0.036,v,"0,0,0,0",1.832,,,,2.285
2021-09-02 03:54,4.282,0.033,v,"0,0,0,0",1.92,,,,2.362
2021-09-02 04:00,4.409,0.108,v,"0,0,0,0",2.012,,,,2.397
2021-09-02 04:06,4.57,0.033,v,"0,0,0,0",2.108,,,,2.462
2021-09-02 04:12,4.528,0.03,v,"0,0,0,0",2.206,,,,2.3219999999999996
2021-09-02 04:18,4.304,0.102,v,"0,0,0,0",2.307,,,,1.9970000000000003
2021-09-02 04:24,4.19,0.023,v,"0,0,0,0",2.41,,,,1.7800000000000002
2021-09-02 04:30,4.327,0.102,v,"0,0,0,0",2.516,,,,1.811
2021-09-02 04:36,4.675,0.095,v,"0,0,0,0",2.623,,,,2.0519999999999996
2021-09-02 04:42,4.967,0.075,v,"0,0,0,0",2.732,,,,2.2349999999999994
2021-09-02 04:48,4.977,0.036,v,"0,0,0,0",2.843,,,,2.1340000000000003
2021-09-02 04:54,4.803,0.062,v,"0,0,0,0",2.954,,,,1.8489999999999998
2021-09-02 05:00,4.76,0.046,v,"0,0,0,0",3.067,,,,1.6929999999999996
2021-09-02 05:06,4.931,0.092,v,"0,0,0,0",3.181,,,,1.75
2021-09-02 05:12,5.269,0.089,v,"0,0,0,0",3.296,,,,1.9730000000000003
2021-09-02 05:18,5.512,0.062,v,"0,0,0,0",3.411,,,,2.1009999999999995
2021-09-02 05:24,5.489,0.039,v,"0,0,0,0",3.528,,,,1.9609999999999999
2021-09-02 05:30,5.495,0.033,v,"0,0,0,0",3.644,,,,1.851
2021-09-02 05:36,5.476,0.046,v,"0,0,0,0",3.761,,,,1.7149999999999999
2021-09-02 05:42,5.522,0.03,v,"0,0,0,0",3.878,,,,1.6440000000000001
2021-09-02 05:48,5.64,0.049,v,"0,0,0,0",3.995,,,,1.6449999999999996
2021-09-02 05:54,5.725,0.059,v,"0,0,0,0",4.112,,,,1.6129999999999995
2021-09-02 06:00,5.843,0.026,v,"0,0,0,0",4.228,,,,1.6150000000000002
2021-09-02 06:06,5.991,0.066,v,"0,0,0,0",4.344,,,,1.6469999999999994
2021-09-02 06:12,6.099,0.043,v,"0,0,0,0",4.459,,,,1.6400000000000006
2021-09-02 06:18,6.191,0.026,v,"0,0,0,0",4.572,,,,1.6189999999999998
2021-09-02 06:24,6.224,0.039,v,"0,0,0,0",4.685,,,,1.5390000000000006
2021-09-02 06:30,6.257,0.02,v,"0,0,0,0",4.795,,,,1.4619999999999997
2021-09-02 06:36,6.243,0.036,v,"0,0,0,0",4.903,,,,1.3400000000000007
2021-09-02 06:42,6.243,0.033,v,"0,0,0,0",5.009,,,,1.234
2021-09-02 06:48,6.329,0.036,v,"0,0,0,0",5.112,,,,1.2169999999999996
2021-09-02 06:54,6.529,0.085,v,"0,0,0,0",5.212,,,,1.3170000000000002
2021-09-02 07:00,6.709,0.043,v,"0,0,0,0",5.308,,,,1.4009999999999998
2021-09-02 07:06,6.742,0.033,v,"0,0,0,0",5.4,,,,1.3419999999999996
2021-09-02 07:12,6.67,0.026,v,"0,0,0,0",5.488,,,,1.1819999999999995
2021-09-02 07:18,6.647,0.023,v,"0,0,0,0",5.571,,,,1.0760000000000005
2021-09-02 07:24,6.654,0.023,v,"0,0,0,0",5.649,,,,1.005
2021-09-02 07:30,6.696,0.02,v,"0,0,0,0",5.722,,,,0.9739999999999993
2021-09-02 07:36,6.768,0.046,v,"0,0,0,0",5.789,,,,0.9790000000000001
2021-09-02 07:42,6.824,0.023,v,"0,0,0,0",5.85,,,,0.9740000000000002
2021-09-02 07:48,6.824,0.02,v,"0,0,0,0",5.905,,,,0.9189999999999996
2021-09-02 07:54,6.729,0.039,v,"0,0,0,0",5.953,,,,0.7759999999999998
2021-09-02 08:00,6.663,0.033,v,"0,0,0,0",5.995,,,,0.6680000000000001
2021-09-02 08:06,6.713,0.039,v,"0,0,0,0",6.03,,,,0.6829999999999998
2021-09-02 08:12,6.775,0.03,v,"0,0,0,0",6.058,,,,0.7170000000000005
2021-09-02 08:18,6.788,0.046,v,"0,0,0,0",6.079,,,,0.7090000000000005
2021-09-02 08:24,6.696,0.046,v,"0,0,0,0",6.092,,,,0.6040000000000001
2021-09-02 08:30,6.545,0.033,v,"0,0,0,0",6.099,,,,0.44599999999999973
2021-09-02 08:36,6.49,0.036,v,"0,0,0,0",6.099,,,,0.391
2021-09-02 08:42,6.46,0.03,v,"0,0,0,0",6.091,,,,0.3689999999999998
2021-09-02 08:48,6.417,0.02,v,"0,0,0,0",6.077,,,,0.33999999999999986
2021-09-02 08:54,6.362,0.039,v,"0,0,0,0",6.056,,,,0.30600000000000005
2021-09-02 09:00,6.289,0.026,v,"0,0,0,0",6.028,,,,0.2610000000000001
2021-09-02 09:06,6.237,0.03,v,"0,0,0,0",5.993,,,,0.24399999999999977
2021-09-02 09:12,6.191,0.036,v,"0,0,0,0",5.952,,,,0.23899999999999988
2021-09-02 09:18,6.086,0.046,v,"0,0,0,0",5.905,,,,0.18100000000000005
2021-09-02 09:24,5.965,0.046,v,"0,0,0,0",5.852,,,,0.11299999999999955
2021-09-02 09:30,5.869,0.033,v,"0,0,0,0",5.793,,,,0.07599999999999962
2021-09-02 09:36,5.82,0.036,v,"0,0,0,0",5.728,,,,0.09200000000000053
2021-09-02 09:42,5.768,0.033,v,"0,0,0,0",5.659,,,,0.10899999999999999
2021-09-02 09:48,5.646,0.046,v,"0,0,0,0",5.584,,,,0.06200000000000028
2021-09-02 09:54,5.522,0.043,v,"0,0,0,0",5.505,,,,0.017000000000000348
2021-09-02 10:00,5.384,0.046,v,"0,0,0,0",5.421,,,,-0.03699999999999992
2021-09-02 10:06,5.276,0.043,v,"0,0,0,0",5.334,,,,-0.05799999999999983
2021-09-02 10:12,5.203,0.023,v,"0,0,0,0",5.242,,,,-0.0389999999999997
2021-09-02 10:18,5.161,0.03,v,"0,0,0,0",5.148,,,,0.0129999999999999
2021-09-02 10:24,5.079,0.043,v,"0,0,0,0",5.05,,,,0.028999999999999915
2021-09-02 10:30,4.895,0.062,v,"0,0,0,0",4.949,,,,-0.05400000000000027
2021-09-02 10:36,4.728,0.059,v,"0,0,0,0",4.846,,,,-0.11800000000000033
2021-09-02 10:42,4.59,0.039,v,"0,0,0,0",4.74,,,,-0.15000000000000036
2021-09-02 10:48,4.511,0.033,v,"0,0,0,0",4.633,,,,-0.12199999999999989
2021-09-02 10:54,4.416,0.03,v,"0,0,0,0",4.524,,,,-0.10799999999999965
2021-09-02 11:00,4.308,0.056,v,"0,0,0,0",4.413,,,,-0.10500000000000043
2021-09-02 11:06,4.157,0.052,v,"0,0,0,0",4.302,,,,-0.14499999999999957
2021-09-02 11:12,4.035,0.056,v,"0,0,0,0",4.189,,,,-0.15399999999999991
2021-09-02 11:18,3.957,0.036,v,"0,0,0,0",4.077,,,,-0.1200000000000001
2021-09-02 11:24,3.855,0.036,v,"0,0,0,0",3.963,,,,-0.1080000000000001
2021-09-02 11:30,3.714,0.059,v,"0,0,0,0",3.85,,,,-0.13600000000000012
2021-09-02 11:36,3.533,0.059,v,"0,0,0,0",3.737,,,,-0.20400000000000018
2021-09-02 11:42,3.36,0.052,v,"0,0,0,0",3.624,,,,-0.26400000000000023
2021-09-02 11:48,3.245,0.039,v,"0,0,0,0",3.512,,,,-0.2669999999999999
2021-09-02 11:54,3.13,0.036,v,"0,0,0,0",3.401,,,,-0.2709999999999999
2021-09-02 12:00,3.022,0.049,v,"0,0,0,0",3.29,,,,-0.26800000000000024
2021-09-02 12:06,2.91,0.049,v,"0,0,0,0",3.181,,,,-0.2709999999999999
2021-09-02 12:12,2.792,0.033,v,"0,0,0,0",3.073,,,,-0.28100000000000014
2021-09-02 12:18,2.71,0.033,v,"0,0,0,0",2.966,,,,-0.2560000000000002
2021-09-02 12:24,2.585,0.049,v,"0,0,0,0",2.862,,,,-0.27700000000000014
2021-09-02 12:30,2.477,0.056,v,"0,0,0,0",2.759,,,,-0.28200000000000003
2021-09-02 12:36,2.352,0.036,v,"0,0,0,0",2.658,,,,-0.30600000000000005
2021-09-02 12:42,2.254,0.039,v,"0,0,0,0",2.56,,,,-0.30600000000000005
2021-09-02 12:48,2.198,0.03,v,"0,0,0,0",2.464,,,,-0.266
2021-09-02 12:54,2.152,0.036,v,"0,0,0,0",2.371,,,,-0.21899999999999986
2021-09-02 13:00,2.09,0.03,v,"0,0,0,0",2.281,,,,-0.19100000000000028
2021-09-02 13:06,2.028,0.039,v,"0,0,0,0",2.195,,,,-0.16699999999999982
2021-09-02 13:12,1.923,0.036,v,"0,0,0,0",2.112,,,,-0.18900000000000006
2021-09-02 13:18,1.86,0.026,v,"0,0,0,0",2.033,,,,-0.17299999999999982
2021-09-02 13:24,1.834,0.03,v,"0,0,0,0",1.958,,,,-0.12399999999999989
2021-09-02 13:30,1.765,0.033,v,"0,0,0,0",1.888,,,,-0.123
2021-09-02 13:36,1.736,0.026,v,"0,0,0,0",1.823,,,,-0.08699999999999997
2021-09-02 13:42,1.732,0.03,v,"0,0,0,0",1.763,,,,-0.030999999999999917
2021-09-02 13:48,1.716,0.03,v,"0,0,0,0",1.708,,,,0.008000000000000007
2021-09-02 13:54,1.709,0.026,v,"0,0,0,0",1.66,,,,0.049000000000000155
2021-09-02 14:00,1.696,0.033,v,"0,0,0,0",1.617,,,,0.07899999999999996
2021-09-02 14:06,1.726,0.036,v,"0,0,0,0",1.581,,,,0.14500000000000002
2021-09-02 14:12,1.729,0.036,v,"0,0,0,0",1.552,,,,0.17700000000000005
2021-09-02 14:18,1.742,0.026,v,"0,0,0,0",1.53,,,,0.21199999999999997
2021-09-02 14:24,1.775,0.03,v,"0,0,0,0",1.515,,,,0.26
2021-09-02 14:30,1.804,0.033,v,"0,0,0,0",1.507,,,,0.29700000000000015
2021-09-02 14:36,1.873,0.033,v,"0,0,0,0",1.507,,,,0.3660000000000001
2021-09-02 14:42,1.942,0.039,v,"0,0,0,0",1.514,,,,0.42799999999999994
2021-09-02 14:48,2.011,0.026,v,"0,0,0,0",1.529,,,,0.4820000000000002
2021-09-02 14:54,2.041,0.026,v,"0,0,0,0",1.552,,,,0.4889999999999999
2021-09-02 15:00,2.096,0.039,v,"0,0,0,0",1.582,,,,0.514
2021-09-02 15:06,2.185,0.033,v,"0,0,0,0",1.619,,,,0.5660000000000001
2021-09-02 15:12,2.28,0.033,v,"0,0,0,0",1.664,,,,0.6159999999999999
2021-09-02 15:18,2.339,0.03,v,"0,0,0,0",1.716,,,,0.623
2021-09-02 15:24,2.411,0.036,v,"0,0,0,0",1.775,,,,0.6360000000000001
2021-09-02 15:30,2.48,0.043,v,"0,0,0,0",1.841,,,,0.639
2021-09-02 15:36,2.566,0.046,v,"0,0,0,0",1.913,,,,0.6529999999999998
2021-09-02 15:42,2.726,0.059,v,"0,0,0,0",1.991,,,,0.7349999999999999
2021-09-02 15:48,2.867,0.049,v,"0,0,0,0",2.074,,,,0.7930000000000001
2021-09-02 15:54,2.992,0.036,v,"0,0,0,0",2.162,,,,0.8300000000000001
2021-09-02 16:00,3.064,0.033,v,"0,0,0,0",2.256,,,,0.8080000000000003
2021-09-02 16:06,3.159,0.026,v,"0,0,0,0",2.353,,,,0.8059999999999996
2021-09-02 16:12,3.271,0.049,v,"0,0,0,0",2.455,,,,0.8159999999999998
2021-09-02 16:18,3.392,0.043,v,"0,0,0,0",2.56,,,,0.8319999999999999
2021-09-02 16:24,3.533,0.043,v,"0,0,0,0",2.668,,,,0.8649999999999998
2021-09-02 16:30,3.638,0.043,v,"0,0,0,0",2.779,,,,0.859
2021-09-02 16:36,3.74,0.03,v,"0,0,0,0",2.892,,,,0.8480000000000003
2021-09-02 16:42,3.835,0.049,v,"0,0,0,0",3.007,,,,0.8279999999999998
2021-09-02 16:48,3.94,0.036,v,"0,0,0,0",3.124,,,,0.8159999999999998
2021-09-02 16:54,4.088,0.059,v,"0,0,0,0",3.243,,,,0.8450000000000002
2021-09-02 17:00,4.245,0.056,v,"0,0,0,0",3.362,,,,0.883
2021-09-02 17:06,4.4,0.039,v,"0,0,0,0",3.482,,,,0.9180000000000001
2021-09-02 17:12,4.528,0.049,v,"0,0,0,0",3.603,,,,0.9249999999999994
2021-09-02 17:18,4.649,0.039,v,"0,0,0,0",3.725,,,,0.9239999999999999
2021-09-02 17:24,4.79,0.056,v,"0,0,0,0",3.847,,,,0.9430000000000001
2021-09-02 17:30,4.954,0.062,v,"0,0,0,0",3.969,,,,0.9849999999999999
2021-09-02 17:36,5.098,0.052,v,"0,0,0,0",4.09,,,,1.008
2021-09-02 17:42,5.262,0.039,v,"0,0,0,0",4.212,,,,1.0499999999999998
2021-09-02 17:48,5.354,0.046,v,"0,0,0,0",4.334,,,,1.0200000000000005
2021-09-02 17:54,5.479,0.046,v,"0,0,0,0",4.455,,,,1.024
2021-09-02 18:00,5.636,0.056,v,"0,0,0,0",4.575,,,,1.061
2021-09-02 18:06,5.797,0.056,v,"0,0,0,0",4.695,,,,1.1019999999999994
2021-09-02 18:12,5.948,0.049,v,"0,0,0,0",4.814,,,,1.1340000000000003
2021-09-02 18:18,6.07,0.039,v,"0,0,0,0",4.932,,,,1.138
2021-09-02 18:24,6.198,0.036,v,"0,0,0,0",5.049,,,,1.149
2021-09-02 18:30,6.316,0.052,v,"0,0,0,0",5.164,,,,1.1520000000000001
2021-09-02 18:36,6.45,0.046,v,"0,0,0,0",5.277,,,,1.173
2021-09-02 18:42,6.542,0.039,v,"0,0,0,0",5.389,,,,1.1529999999999996
2021-09-02 18:48,6.644,0.043,v,"0,0,0,0",5.498,,,,1.146
2021-09-02 18:54,6.745,0.036,v,"0,0,0,0",5.605,,,,1.1399999999999997
2021-09-02 19:00,6.837,0.026,v,"0,0,0,0",5.71,,,,1.1269999999999998
2021-09-02 19:06,6.919,0.033,v,"0,0,0,0",5.811,,,,1.1079999999999997
2021-09-02 19:12,7.005,0.023,v,"0,0,0,0",5.908,,,,1.0969999999999995
2021-09-02 19:18,7.1,0.033,v,"0,0,0,0",6.002,,,,1.0979999999999999
2021-09-02 19:24,7.165,0.026,v,"0,0,0,0",6.092,,,,1.0730000000000004
2021-09-02 19:30,7.231,0.023,v,"0,0,0,0",6.177,,,,1.0540000000000003
2021-09-02 19:36,7.287,0.02,v,"0,0,0,0",6.257,,,,1.0300000000000002
2021-09-02 19:42,7.333,0.033,v,"0,0,0,0",6.332,,,,1.0010000000000003
2021-09-02 19:48,7.388,0.02,v,"0,0,0,0",6.402,,,,0.9859999999999998
2021-09-02 19:54,7.461,0.023,v,"0,0,0,0",6.466,,,,0.9950000000000001
2021-09-02 20:00,7.52,0.026,v,"0,0,0,0",6.523,,,,0.9969999999999999
2021-09-02 20:06,7.559,0.02,v,"0,0,0,0",6.575,,,,0.984
2021-09-02 20:12,7.579,0.016,v,"0,0,0,0",6.62,,,,0.9589999999999996
2021-09-02 20:18,7.598,0.013,v,"0,0,0,0",6.658,,,,0.9399999999999995
2021-09-02 20:24,7.602,0.016,v,"0,0,0,0",6.689,,,,0.9130000000000003
2021-09-02 20:30,7.602,0.016,v,"0,0,0,0",6.713,,,,0.8890000000000002
2021-09-02 20:36,7.598,0.016,v,"0,0,0,0",6.73,,,,0.8679999999999994
2021-09-02 20:42,7.602,0.013,v,"0,0,0,0",6.739,,,,0.8630000000000004
2021-09-02 20:48,7.598,0.02,v,"0,0,0,0",6.741,,,,0.8570000000000002
2021-09-02 20:54,7.566,0.026,v,"0,0,0,0",6.736,,,,0.8300000000000001
2021-09-02 21:00,7.52,0.026,v,"0,0,0,0",6.724,,,,0.7959999999999994
2021-09-02 21:06,7.448,0.016,v,"0,0,0,0",6.704,,,,0.7440000000000007
2021-09-02 21:12,7.408,0.02,v,"0,0,0,0",6.678,,,,0.7300000000000004
2021-09-02 21:18,7.369,0.026,v,"0,0,0,0",6.644,,,,0.7249999999999996
2021-09-02 21:24,7.283,0.033,v,"0,0,0,0",6.603,,,,0.6800000000000006
2021-09-02 21:30,7.228,0.02,v,"0,0,0,0",6.556,,,,0.6719999999999997
2021-09-02 21:36,7.139,0.039,v,"0,0,0,0",6.502,,,,0.6370000000000005
2021-09-02 21:42,7.051,0.033,v,"0,0,0,0",6.441,,,,0.6100000000000003
2021-09-02 21:48,6.952,0.03,v,"0,0,0,0",6.375,,,,0.577
2021-09-02 21:54,6.864,0.02,v,"0,0,0,0",6.303,,,,0.5609999999999999
2021-09-02 22:00,6.801,0.026,v,"0,0,0,0",6.225,,,,0.5760000000000005
2021-09-02 22:06,6.716,0.036,v,"0,0,0,0",6.141,,,,0.5750000000000002
2021-09-02 22:12,6.611,0.036,v,"0,0,0,0",6.053,,,,0.5579999999999998
2021-09-02 22:18,6.47,0.052,v,"0,0,0,0",5.959,,,,0.5110000000000001
2021-09-02 22:24,6.348,0.046,v,"0,0,0,0",5.861,,,,0.4870000000000001
2021-09-02 22:30,6.214,0.036,v,"0,0,0,0",5.759,,,,0.45500000000000007
2021-09-02 22:36,6.096,0.036,v,"0,0,0,0",5.653,,,,0.4430000000000005
2021-09-02 22:42,5.984,0.049,v,"0,0,0,0",5.544,,,,0.4400000000000004
2021-09-02 22:48,5.846,0.046,v,"0,0,0,0",5.43,,,,0.41600000000000037
2021-09-02 22:54,5.709,0.049,v,"0,0,0,0",5.314,,,,0.3949999999999996
2021-09-02 23:00,5.577,0.046,v,"0,0,0,0",5.195,,,,0.3819999999999997
2021-09-02 23:06,5.433,0.043,v,"0,0,0,0",5.074,,,,0.359
2021-09-02 23:12,5.272,0.052,v,"0,0,0,0",4.951,,,,0.3210000000000006
2021-09-02 23:18,5.135,0.039,v,"0,0,0,0",4.825,,,,0.3099999999999996
2021-09-02 23:24,5.01,0.043,v,"0,0,0,0",4.698,,,,0.3119999999999994
2021-09-02 23:30,4.859,0.052,v,"0,0,0,0",4.569,,,,0.29000000000000004
2021-09-02 23:36,4.675,0.056,v,"0,0,0,0",4.44,,,,0.23499999999999943
2021-09-02 23:42,4.524,0.046,v,"0,0,0,0",4.309,,,,0.21499999999999986
2021-09-02 23:48,4.386,0.043,v,"0,0,0,0",4.178,,,,0.20800000000000018
2021-09-02 23:54,4.245,0.052,v,"0,0,0,0",4.046,,,,0.19899999999999984
2021-09-03 00:00,4.104,0.049,v,"0,0,0,0",3.914,,,,0.18999999999999995
2021-09-03 00:06,3.947,0.052,v,"0,0,0,0",3.783,,,,0.16400000000000015
2021-09-03 00:12,3.793,0.046,v,"0,0,0,0",3.651,,,,0.14200000000000035
2021-09-03 00:18,3.635,0.052,v,"0,0,0,0",3.52,,,,0.11499999999999977
2021-09-03 00:24,3.491,0.052,v,"0,0,0,0",3.389,,,,0.10200000000000031
2021-09-03 00:30,3.363,0.039,v,"0,0,0,0",3.259,,,,0.10400000000000009
2021-09-03 00:36,3.248,0.049,v,"0,0,0,0",3.13,,,,0.11800000000000033
2021-09-03 00:42,3.11,0.049,v,"0,0,0,0",3.002,,,,0.1080000000000001
2021-09-03 00:48,2.959,0.052,v,"0,0,0,0",2.875,,,,0.08400000000000007
2021-09-03 00:54,2.835,0.036,v,"0,0,0,0",2.75,,,,0.08499999999999996
2021-09-03 01:00,2.707,0.052,v,"0,0,0,0",2.627,,,,0.08000000000000007
2021-09-03 01:06,2.559,0.062,v,"0,0,0,0",2.506,,,,0.05300000000000038
2021-09-03 01:12,2.438,0.036,v,"0,0,0,0",2.387,,,,0.051000000000000156
2021-09-03 01:18,2.313,0.043,v,"0,0,0,0",2.27,,,,0.04300000000000015
2021-09-03 01:24,2.251,0.03,v,"0,0,0,0",2.157,,,,0.09399999999999986
2021-09-03 01:30,2.162,0.026,v,"0,0,0,0",2.046,,,,0.1160000000000001
2021-09-03 01:36,2.096,0.039,v,"0,0,0,0",1.939,,,,0.15700000000000003
2021-09-03 01:42,1.975,0.03,v,"0,0,0,0",1.835,,,,0.14000000000000012
2021-09-03 01:48,1.886,0.039,v,"0,0,0,0",1.735,,,,0.1509999999999998
2021-09-03 01:54,1.801,0.023,v,"0,0,0,0",1.64,,,,0.16100000000000003
2021-09-03 02:00,1.713,0.036,v,"0,0,0,0",1.549,,,,0.16400000000000015
2021-09-03 02:06,1.634,0.03,v,"0,0,0,0",1.464,,,,0.16999999999999993
2021-09-03 02:12,1.539,0.039,v,"0,0,0,0",1.384,,,,0.15500000000000003
2021-09-03 02:18,1.457,0.033,v,"0,0,0,0",1.31,,,,0.14700000000000002
2021-09-03 02:24,1.411,0.016,v,"0,0,0,0",1.242,,,,0.16900000000000004
2021-09-03 02:30,1.394,0.023,v,"0,0,0,0",1.18,,,,0.21399999999999997
2021-09-03 02:36,1.362,0.026,v,"0,0,0,0",1.125,,,,0.2370000000000001
2021-09-03 02:42,1.319,0.026,v,"0,0,0,0",1.078,,,,0.24099999999999988
2021-09-03 02:48,1.26,0.02,v,"0,0,0,0",1.038,,,,0.22199999999999998
2021-09-03 02:54,1.214,0.016,v,"0,0,0,0",1.005,,,,0.20900000000000007
2021-09-03 03:00,1.168,0.02,v,"0,0,0,0",0.98,,,,0.18799999999999994
2021-09-03 03:06,1.175,0.023,v,"0,0,0,0",0.964,,,,0.21100000000000008
2021-09-03 03:12,1.211,0.016,v,"0,0,0,0",0.955,,,,0.2560000000000001
2021-09-03 03:18,1.237,0.016,v,"0,0,0,0",0.954,,,,0.28300000000000014
2021-09-03 03:24,1.237,0.02,v,"0,0,0,0",0.962,,,,0.27500000000000013
2021-09-03 03:30,1.247,0.016,v,"0,0,0,0",0.978,,,,0.26900000000000013
2021-09-03 03:36,1.293,0.026,v,"0,0,0,0",1.001,,,,0.29200000000000004
2021-09-03 03:42,1.365,0.023,v,"0,0,0,0",1.033,,,,0.3320000000000001
2021-09-03 03:48,1.44,0.03,v,"0,0,0,0",1.072,,,,0.3679999999999999
2021-09-03 03:54,1.499,0.03,v,"0,0,0,0",1.119,,,,0.3800000000000001
2021-09-03 04:00,1.575,0.03,v,"0,0,0,0",1.173,,,,0.4019999999999999
2021-09-03 04:06,1.663,0.026,v,"0,0,0,0",1.233,,,,0.42999999999999994
2021-09-03 04:12,1.745,0.026,v,"0,0,0,0",1.301,,,,0.4440000000000002
2021-09-03 04:18,1.831,0.026,v,"0,0,0,0",1.374,,,,0.45699999999999985
2021-09-03 04:24,1.932,0.036,v,"0,0,0,0",1.454,,,,0.478
2021-09-03 04:30,2.037,0.03,v,"0,0,0,0",1.538,,,,0.4989999999999999
2021-09-03 04:36,2.146,0.036,v,"0,0,0,0",1.628,,,,0.518
2021-09-03 04:42,2.257,0.0,v,"1,0,0,0",1.723,,,,0.534
2021-09-03 04:48,2.352,0.0,v,"1,0,0,0",1.822,,,,0.5299999999999998
2021-09-03 04:54,2.448,0.03,v,"0,0,0,0",1.925,,,,0.5229999999999999
2021-09-03 05:00,2.562,0.046,v,"0,0,0,0",2.031,,,,0.5309999999999997
2021-09-03 05:06,2.723,0.052,v,"0,0,0,0",2.14,,,,0.5829999999999997
2021-09-03 05:12,2.874,0.039,v,"0,0,0,0",2.253,,,,0.621
2021-09-03 05:18,3.009,0.039,v,"0,0,0,0",2.368,,,,0.641
2021-09-03 05:24,3.12,0.033,v,"0,0,0,0",2.485,,,,0.6350000000000002
2021-09-03 05:30,3.228,0.036,v,"0,0,0,0",2.605,,,,0.6230000000000002
2021-09-03 05:36,3.363,0.046,v,"0,0,0,0",2.726,,,,0.637
2021-09-03 05:42,3.52,0.052,v,"0,0,0,0",2.849,,,,0.6709999999999998
2021-09-03 05:48,3.678,0.049,v,"0,0,0,0",2.974,,,,0.7039999999999997
2021-09-03 05:54,3.832,0.046,v,"0,0,0,0",3.099,,,,0.7329999999999997
2021-09-03 06:00,3.973,0.046,v,"0,0,0,0",3.226,,,,0.7469999999999999
2021-09-03 06:06,4.134,0.056,v,"0,0,0,0",3.354,,,,0.7800000000000002
2021-09-03 06:12,4.308,0.052,v,"0,0,0,0",3.482,,,,0.8259999999999996
2021-09-03 06:18,4.459,0.039,v,"0,0,0,0",3.612,,,,0.8469999999999995
2021-09-03 06:24,4.587,0.03,v,"0,0,0,0",3.741,,,,0.8459999999999996
2021-09-03 06:30,4.692,0.039,v,"0,0,0,0",3.871,,,,0.8210000000000002
2021-09-03 06:36,4.823,0.052,v,"0,0,0,0",4.001,,,,0.8220000000000001
2021-09-03 06:42,4.99,0.052,v,"0,0,0,0",4.13,,,,0.8600000000000003
2021-09-03 06:48,5.161,0.049,v,"0,0,0,0",4.259,,,,0.9019999999999992
2021-09-03 06:54,5.292,0.036,v,"0,0,0,0",4.388,,,,0.9039999999999999
2021-09-03 07:00,5.41,0.043,v,"0,0,0,0",4.515,,,,0.8950000000000005
2021-09-03 07:06,5.538,0.046,v,"0,0,0,0",4.642,,,,0.8959999999999999
2021-09-03 07:12,5.669,0.043,v,"0,0,0,0",4.766,,,,0.9029999999999996
2021-09-03 07:18,5.764,0.03,v,"0,0,0,0",4.889,,,,0.875
2021-09-03 07:24,5.869,0.039,v,"0,0,0,0",5.01,,,,0.859
2021-09-03 07:30,5.994,0.046,v,"0,0,0,0",5.127,,,,0.867
2021-09-03 07:36,6.115,0.033,v,"0,0,0,0",5.242,,,,0.8730000000000002
2021-09-03 07:42,6.23,0.039,v,"0,0,0,0",5.353,,,,0.8770000000000007
2021-09-03 07:48,6.319,0.023,v,"0,0,0,0",5.461,,,,0.8579999999999997
2021-09-03 07:54,6.394,0.026,v,"0,0,0,0",5.564,,,,0.8300000000000001
2021-09-03 08:00,6.47,0.033,v,"0,0,0,0",5.662,,,,0.8079999999999998
2021-09-03 08:06,6.562,0.023,v,"0,0,0,0",5.755,,,,0.8070000000000004
2021-09-03 08:12,6.654,0.036,v,"0,0,0,0",5.843,,,,0.8109999999999999
2021-09-03 08:18,6.722,0.023,v,"0,0,0,0",5.925,,,,0.7970000000000006
2021-09-03 08:24,6.775,0.026,v,"0,0,0,0",6.001,,,,0.774
2021-09-03 08:30,6.834,0.026,v,"0,0,0,0",6.071,,,,0.7629999999999999
2021-09-03 08:36,6.886,0.02,v,"0,0,0,0",6.133,,,,0.7530000000000001
2021-09-03 08:42,6.942,0.023,v,"0,0,0,0",6.189,,,,0.7530000000000001
2021-09-03 08:48,6.946,0.013,v,"0,0,0,0",6.238,,,,0.7079999999999993
2021-09-03 08:54,6.949,0.023,v,"0,0,0,0",6.279,,,,0.6699999999999999
2021-09-03 09:00,7.001,0.023,v,"0,0,0,0",6.312,,,,0.6890000000000001
2021-09-03 09:06,7.001,0.033,v,"0,0,0,0",6.338,,,,0.6630000000000003
2021-09-03 09:12,7.008,0.026,v,"0,0,0,0",6.356,,,,0.6520000000000001
2021-09-03 09:18,6.998,0.023,v,"0,0,0,0",6.366,,,,0.6320000000000006
2021-09-03 09:24,7.014,0.02,v,"0,0,0,0",6.369,,,,0.6450000000000005
2021-09-03 09:30,7.021,0.023,v,"0,0,0,0",6.363,,,,0.6579999999999995
2021-09-03 09:36,6.978,0.026,v,"0,0,0,0",6.35,,,,0.6280000000000001
2021-09-03 09:42,6.926,0.026,v,"0,0,0,0",6.33,,,,0.5960000000000001
2021-09-03 09:48,6.87,0.03,v,"0,0,0,0",6.302,,,,0.5680000000000005
2021-09-03 09:54,6.811,0.033,v,"0,0,0,0",6.266,,,,0.5449999999999999
2021-09-03 10:00,6.729,0.023,v,"0,0,0,0",6.224,,,,0.5049999999999999
2021-09-03 10:06,6.673,0.023,v,"0,0,0,0",6.174,,,,0.49899999999999967
2021-09-03 10:12,6.608,0.033,v,"0,0,0,0",6.118,,,,0.4899999999999993
2021-09-03 10:18,6.522,0.026,v,"0,0,0,0",6.055,,,,0.4670000000000005
2021-09-03 10:24,6.44,0.036,v,"0,0,0,0",5.986,,,,0.4540000000000006
2021-09-03 10:30,6.322,0.039,v,"0,0,0,0",5.911,,,,0.4110000000000005
2021-09-03 10:36,6.23,0.043,v,"0,0,0,0",5.831,,,,0.399
2021-09-03 10:42,6.119,0.039,v,"0,0,0,0",5.745,,,,0.37399999999999967
2021-09-03 10:48,6.027,0.026,v,"0,0,0,0",5.654,,,,0.3730000000000002
2021-09-03 10:54,5.909,0.043,v,"0,0,0,0",5.559,,,,0.34999999999999964
2021-09-03 11:00,5.807,0.049,v,"0,0,0,0",5.459,,,,0.34800000000000075
2021-09-03 11:06,5.692,0.03,v,"0,0,0,0",5.355,,,,0.33699999999999974
2021-09-03 11:12,5.584,0.046,v,"0,0,0,0",5.248,,,,0.3359999999999994
2021-09-03 11:18,5.472,0.049,v,"0,0,0,0",5.137,,,,0.33500000000000085
2021-09-03 11:24,5.325,0.046,v,"0,0,0,0",5.023,,,,0.3020000000000005
2021-09-03 11:30,5.194,0.033,v,"0,0,0,0",4.906,,,,0.28800000000000026
2021-09-03 11:36,5.095,0.049,v,"0,0,0,0",4.787,,,,0.30799999999999983
2021-09-03 11:42,4.964,0.052,v,"0,0,0,0",4.666,,,,0.29800000000000004
2021-09-03 11:48,4.803,0.046,v,"0,0,0,0",4.544,,,,0.25900000000000034
2021-09-03 11:54,4.675,0.049,v,"0,0,0,0",4.419,,,,0.2560000000000002
2021-09-03 12:00,4.528,0.052,v,"0,0,0,0",4.294,,,,0.23399999999999999
2021-09-03 12:06,4.426,0.043,v,"0,0,0,0",4.168,,,,0.258
2021-09-03 12:12,4.288,0.043,v,"0,0,0,0",4.041,,,,0.2469999999999999
2021-09-03 12:18,4.131,0.062,v,"0,0,0,0",3.915,,,,0.2160000000000002
2021-09-03 12:24,3.993,0.052,v,"0,0,0,0",3.788,,,,0.20500000000000007
2021-09-03 12:30,3.819,0.059,v,"0,0,0,0",3.661,,,,0.15799999999999992
2021-09-03 12:36,3.661,0.056,v,"0,0,0,0",3.535,,,,0.1259999999999999
2021-09-03 12:42,3.527,0.043,v,"0,0,0,0",3.409,,,,0.11800000000000033
2021-09-03 12:48,3.379,0.052,v,"0,0,0,0",3.285,,,,0.09399999999999986
2021-09-03 12:54,3.268,0.033,v,"0,0,0,0",3.161,,,,0.10699999999999976
2021-09-03 13:00,3.146,0.039,v,"0,0,0,0",3.039,,,,0.10699999999999976
2021-09-03 13:06,3.028,0.043,v,"0,0,0,0",2.919,,,,0.10899999999999999
2021-09-03 13:12,2.884,0.052,v,"0,0,0,0",2.801,,,,0.08299999999999974
2021-09-03 13:18,2.717,0.056,v,"0,0,0,0",2.684,,,,0.03299999999999992
2021-09-03 13:24,2.589,0.049,v,"0,0,0,0",2.57,,,,0.019000000000000128
2021-09-03 13:30,2.454,0.039,v,"0,0,0,0",2.458,,,,-0.0040000000000000036
2021-09-03 13:36,2.362,0.043,v,"0,0,0,0",2.35,,,,0.01200000000000001
2021-09-03 13:42,2.257,0.036,v,"0,0,0,0",2.244,,,,0.0129999999999999
2021-09-03 13:48,2.129,0.052,v,"0,0,0,0",2.142,,,,-0.0129999999999999
2021-09-03 13:54,2.031,0.039,v,"0,0,0,0",2.043,,,,-0.01200000000000001
2021-09-03 14:00,1.932,0.03,v,"0,0,0,0",1.948,,,,-0.016000000000000014
2021-09-03 14:06,1.857,0.026,v,"0,0,0,0",1.858,,,,-0.001000000000000112
2021-09-03 14:12,1.778,0.033,v,"0,0,0,0",1.772,,,,0.006000000000000005
2021-09-03 14:18,1.686,0.026,v,"0,0,0,0",1.691,,,,-0.0050000000000001155
2021-09-03 14:24,1.608,0.03,v,"0,0,0,0",1.615,,,,-0.006999999999999895
2021-09-03 14:30,1.555,0.02,v,"0,0,0,0",1.545,,,,0.010000000000000009
2021-09-03 14:36,1.529,0.016,v,"0,0,0,0",1.482,,,,0.04699999999999993
2021-09-03 14:42,1.48,0.026,v,"0,0,0,0",1.424,,,,0.05600000000000005
2021-09-03 14:48,1.444,0.026,v,"0,0,0,0",1.373,,,,0.07099999999999995
2021-09-03 14:54,1.365,0.03,v,"0,0,0,0",1.329,,,,0.03600000000000003
2021-09-03 15:00,1.316,0.02,v,"0,0,0,0",1.292,,,,0.02400000000000002
2021-09-03 15:06,1.296,0.02,v,"0,0,0,0",1.263,,,,0.03300000000000014
2021-09-03 15:12,1.263,0.026,v,"0,0,0,0",1.242,,,,0.020999999999999908
2021-09-03 15:18,1.257,0.02,v,"0,0,0,0",1.229,,,,0.027999999999999803
2021-09-03 15:24,1.25,0.026,v,"0,0,0,0",1.223,,,,0.026999999999999913
2021-09-03 15:30,1.25,0.023,v,"0,0,0,0",1.227,,,,0.02299999999999991
2021-09-03 15:36,1.257,0.03,v,"0,0,0,0",1.238,,,,0.018999999999999906
2021-09-03 15:42,1.299,0.02,v,"0,0,0,0",1.258,,,,0.040999999999999925
2021-09-03 15:48,1.299,0.023,v,"0,0,0,0",1.286,,,,0.0129999999999999
2021-09-03 15:54,1.325,0.02,v,"0,0,0,0",1.322,,,,0.0029999999999998916
2021-09-03 16:00,1.365,0.03,v,"0,0,0,0",1.367,,,,-0.0020000000000000018
2021-09-03 16:06,1.43,0.03,v,"0,0,0,0",1.419,,,,0.010999999999999899
2021-09-03 16:12,1.493,0.03,v,"0,0,0,0",1.48,,,,0.013000000000000123
2021-09-03 16:18,1.575,0.039,v,"0,0,0,0",1.547,,,,0.028000000000000025
2021-09-03 16:24,1.65,0.033,v,"0,0,0,0",1.622,,,,0.027999999999999803
2021-09-03 16:30,1.722,0.02,v,"0,0,0,0",1.704,,,,0.018000000000000016
2021-09-03 16:36,1.798,0.039,v,"0,0,0,0",1.792,,,,0.006000000000000005
2021-09-03 16:42,1.89,0.026,v,"0,0,0,0",1.886,,,,0.0040000000000000036
2021-09-03 16:48,2.005,0.049,v,"0,0,0,0",1.985,,,,0.019999999999999796
2021-09-03 16:54,2.096,0.026,v,"0,0,0,0",2.09,,,,0.006000000000000227
2021-09-03 17:00,2.178,0.03,v,"0,0,0,0",2.199,,,,-0.020999999999999908
2021-09-03 17:06,2.27,0.043,v,"0,0,0,0",2.313,,,,-0.04300000000000015
2021-09-03 17:12,2.382,0.039,v,"0,0,0,0",2.43,,,,-0.04800000000000004
2021-09-03 17:18,2.523,0.052,v,"0,0,0,0",2.551,,,,-0.028000000000000025
2021-09-03 17:24,2.69,0.043,v,"0,0,0,0",2.675,,,,0.015000000000000124
2021-09-03 17:30,2.828,0.056,v,"0,0,0,0",2.802,,,,0.0259999999999998
2021-09-03 17:36,2.946,0.03,v,"0,0,0,0",2.931,,,,0.015000000000000124
2021-09-03 17:42,3.061,0.03,v,"0,0,0,0",3.062,,,,-0.0009999999999998899
2021-09-03 17:48,3.186,0.059,v,"0,0,0,0",3.194,,,,-0.008000000000000007
2021-09-03 17:54,3.35,0.046,v,"0,0,0,0",3.328,,,,0.02200000000000024
2021-09-03 18:00,3.471,0.039,v,"0,0,0,0",3.462,,,,0.008999999999999897
2021-09-03 18:06,3.599,0.043,v,"0,0,0,0",3.598,,,,0.001000000000000334
2021-09-03 18:12,3.737,0.036,v,"0,0,0,0",3.734,,,,0.0030000000000001137
2021-09-03 18:18,3.881,0.066,v,"0,0,0,0",3.871,,,,0.009999999999999787
2021-09-03 18:24,4.055,0.052,v,"0,0,0,0",4.007,,,,0.04800000000000004
2021-09-03 18:30,4.232,0.059,v,"0,0,0,0",4.144,,,,0.08800000000000008
2021-09-03 18:36,4.354,0.033,v,"0,0,0,0",4.281,,,,0.0730000000000004
2021-09-03 18:42,4.475,0.043,v,"0,0,0,0",4.417,,,,0.05799999999999983
2021-09-03 18:48,4.613,0.043,v,"0,0,0,0",4.552,,,,0.06100000000000083
2021-09-03 18:54,4.757,0.049,v,"0,0,0,0",4.687,,,,0.0699999999999994
2021-09-03 19:00,4.895,0.043,v,"0,0,0,0",4.821,,,,0.07399999999999984
2021-09-03 19:06,5.039,0.046,v,"0,0,0,0",4.954,,,,0.08499999999999996
2021-09-03 19:12,5.161,0.03,v,"0,0,0,0",5.085,,,,0.07599999999999962
2021-09-03 19:18,5.279,0.036,v,"0,0,0,0",5.215,,,,0.06400000000000006
2021-09-03 19:24,5.413,0.046,v,"0,0,0,0",5.343,,,,0.07000000000000028
2021-09-03 19:30,5.561,0.043,v,"0,0,0,0",5.469,,,,0.09199999999999964
2021-09-03 19:36,5.692,0.039,v,"0,0,0,0",5.592,,,,0.10000000000000053
2021-09-03 19:42,5.801,0.026,v,"0,0,0,0",5.712,,,,0.08900000000000041
2021-09-03 19:48,5.899,0.039,v,"0,0,0,0",5.83,,,,0.06899999999999995
2021-09-03 19:54,5.991,0.033,v,"0,0,0,0",5.944,,,,0.04699999999999971
2021-09-03 20:00,6.119,0.039,v,"0,0,0,0",6.053,,,,0.06599999999999984
2021-09-03 20:06,6.237,0.036,v,"0,0,0,0",6.159,,,,0.07800000000000029
2021-09-03 20:12,6.339,0.036,v,"0,0,0,0",6.26,,,,0.07900000000000063
2021-09-03 20:18,6.424,0.03,v,"0,0,0,0",6.356,,,,0.0680000000000005
2021-09-03 20:24,6.506,0.026,v,"0,0,0,0",6.447,,,,0.05900000000000016
2021-09-03 20:30,6.591,0.033,v,"0,0,0,0",6.532,,,,0.05900000000000016
2021-09-03 20:36,6.68,0.026,v,"0,0,0,0",6.611,,,,0.06899999999999995
2021-09-03 20:42,6.739,0.03,v,"0,0,0,0",6.684,,,,0.054999999999999716
2021-09-03 20:48,6.801,0.016,v,"0,0,0,0",6.75,,,,0.051000000000000156
2021-09-03 20:54,6.87,0.026,v,"0,0,0,0",6.809,,,,0.06099999999999994
2021-09-03 21:00,6.946,0.03,v,"0,0,0,0",6.86,,,,0.08599999999999941
2021-09-03 21:06,6.982,0.013,v,"0,0,0,0",6.904,,,,0.07800000000000029
2021-09-03 21:12,7.021,0.013,v,"0,0,0,0",6.941,,,,0.08000000000000007
2021-09-03 21:18,7.054,0.01,v,"0,0,0,0",6.969,,,,0.08499999999999996
2021-09-03 21:24,7.083,0.013,v,"0,0,0,0",6.99,,,,0.09299999999999997
2021-09-03 21:30,7.11,0.013,v,"0,0,0,0",7.003,,,,0.1070000000000002
2021-09-03 21:36,7.129,0.013,v,"0,0,0,0",7.007,,,,0.12199999999999989
2021-09-03 21:42,7.113,0.013,v,"0,0,0,0",7.004,,,,0.10900000000000087
2021-09-03 21:48,7.106,0.01,v,"0,0,0,0",6.992,,,,0.11399999999999988
2021-09-03 21:54,7.083,0.013,v,"0,0,0,0",6.972,,,,0.11099999999999977
2021-09-03 22:00,7.057,0.01,v,"0,0,0,0",6.945,,,,0.1120000000000001
2021-09-03 22:06,7.028,0.02,v,"0,0,0,0",6.909,,,,0.11899999999999977
2021-09-03 22:12,6.965,0.023,v,"0,0,0,0",6.866,,,,0.0990000000000002
2021-09-03 22:18,6.896,0.023,v,"0,0,0,0",6.815,,,,0.08099999999999952
2021-09-03 22:24,6.824,0.023,v,"0,0,0,0",6.757,,,,0.06700000000000017
2021-09-03 22:30,6.745,0.026,v,"0,0,0,0",6.692,,,,0.052999999999999936
2021-09-03 22:36,6.673,0.026,v,"0,0,0,0",6.62,,,,0.052999999999999936
2021-09-03 22:42,6.594,0.023,v,"0,0,0,0",6.542,,,,0.05200000000000049
2021-09-03 22:48,6.496,0.033,v,"0,0,0,0",6.457,,,,0.03900000000000059
2021-09-03 22:54,6.378,0.039,v,"0,0,0,0",6.366,,,,0.012000000000000455
2021-09-03 23:00,6.263,0.033,v,"0,0,0,0",6.269,,,,-0.006000000000000227
2021-09-03 23:06,6.168,0.033,v,"0,0,0,0",6.167,,,,0.001000000000000334
2021-09-03 23:12,6.063,0.03,v,"0,0,0,0",6.059,,,,0.0039999999999995595
2021-09-03 23:18,5.955,0.043,v,"0,0,0,0",5.947,,,,0.008000000000000007
2021-09-03 23:24,5.817,0.046,v,"0,0,0,0",5.83,,,,-0.0129999999999999
2021-09-03 23:30,5.689,0.036,v,"0,0,0,0",5.71,,,,-0.020999999999999908
2021-09-03 23:36,5.574,0.033,v,"0,0,0,0",5.585,,,,-0.01100000000000012
2021-09-03 23:42,5.463,0.039,v,"0,0,0,0",5.457,,,,0.006000000000000227
2021-09-03 23:48,5.335,0.046,v,"0,0,0,0",5.326,,,,0.009000000000000341
2021-09-03 23:54,5.19,0.043,v,"0,0,0,0",5.191,,,,-0.0009999999999994458
